DECLARE @CurrentUser uniqueidentifier; 
 
SELECT @CurrentUser = Id from AspNetUSers Where email = 'eplegrand@gmail.com'; 
 
UPDATE AspNetUsers SET DefaultLanguageId = 41, CountryId =236; 
 

SET IDENTITY_INSERT dbLanguage ON;
INSERT INTO dbLanguage (Id, LanguageName, ForeignName, ISO6391, ISO6392, Active) VALUES(1, 'Abkhazian', N'аҧсуа бызшәа, аҧсшәа', 'ab', 'abk', 0); 
INSERT INTO dbLanguage (Id, LanguageName, ForeignName, ISO6391, ISO6392, Active) VALUES(2, 'Afar', N'Afaraf', 'aa', 'aar', 0); 
INSERT INTO dbLanguage (Id, LanguageName, ForeignName, ISO6391, ISO6392, Active) VALUES(3, 'Afrikaans', N'Afrikaans', 'af', 'afr', 0); 
INSERT INTO dbLanguage (Id, LanguageName, ForeignName, ISO6391, ISO6392, Active) VALUES(4, 'Akan', N'Akan', 'ak', 'aka', 0); 
INSERT INTO dbLanguage (Id, LanguageName, ForeignName, ISO6391, ISO6392, Active) VALUES(5, 'Albanian', N'Shqip', 'sq', 'sqi', 0); 
INSERT INTO dbLanguage (Id, LanguageName, ForeignName, ISO6391, ISO6392, Active) VALUES(6, 'Amharic', N'አማርኛ', 'am', 'amh', 0); 
INSERT INTO dbLanguage (Id, LanguageName, ForeignName, ISO6391, ISO6392, Active) VALUES(7, 'Arabic', N'العربية', 'ar', 'ara', 0); 
INSERT INTO dbLanguage (Id, LanguageName, ForeignName, ISO6391, ISO6392, Active) VALUES(8, 'Aragonese', N'aragonés', 'an', 'arg', 0); 
INSERT INTO dbLanguage (Id, LanguageName, ForeignName, ISO6391, ISO6392, Active) VALUES(9, 'Armenian', N'Հայերեն', 'hy', 'hye', 0); 
INSERT INTO dbLanguage (Id, LanguageName, ForeignName, ISO6391, ISO6392, Active) VALUES(10, 'Assamese', N'অসমীয়া', 'as', 'asm', 0); 
INSERT INTO dbLanguage (Id, LanguageName, ForeignName, ISO6391, ISO6392, Active) VALUES(11, 'Avaric', N'авар мацӀ, магӀарул мацӀ', 'av', 'ava', 0); 
INSERT INTO dbLanguage (Id, LanguageName, ForeignName, ISO6391, ISO6392, Active) VALUES(12, 'Avestan', N'avesta', 'ae', 'ave', 0); 
INSERT INTO dbLanguage (Id, LanguageName, ForeignName, ISO6391, ISO6392, Active) VALUES(13, 'Aymara', N'aymar aru', 'ay', 'aym', 0); 
INSERT INTO dbLanguage (Id, LanguageName, ForeignName, ISO6391, ISO6392, Active) VALUES(14, 'Azerbaijani', N'azərbaycan dili', 'az', 'aze', 0); 
INSERT INTO dbLanguage (Id, LanguageName, ForeignName, ISO6391, ISO6392, Active) VALUES(15, 'Bambara', N'bamanankan', 'bm', 'bam', 0); 
INSERT INTO dbLanguage (Id, LanguageName, ForeignName, ISO6391, ISO6392, Active) VALUES(16, 'Bashkir', N'башҡорт теле', 'ba', 'bak', 0); 
INSERT INTO dbLanguage (Id, LanguageName, ForeignName, ISO6391, ISO6392, Active) VALUES(17, 'Basque', N'euskara, euskera', 'eu', 'eus', 0); 
INSERT INTO dbLanguage (Id, LanguageName, ForeignName, ISO6391, ISO6392, Active) VALUES(18, 'Belarusian', N'беларуская мова', 'be', 'bel', 0); 
INSERT INTO dbLanguage (Id, LanguageName, ForeignName, ISO6391, ISO6392, Active) VALUES(19, 'Bengali', N'বাংলা', 'bn', 'ben', 0); 
INSERT INTO dbLanguage (Id, LanguageName, ForeignName, ISO6391, ISO6392, Active) VALUES(20, 'Bihari languages', N'भोजपुरी', 'bh', 'bih', 0); 
INSERT INTO dbLanguage (Id, LanguageName, ForeignName, ISO6391, ISO6392, Active) VALUES(21, 'Bislama', N'Bislama', 'bi', 'bis', 0); 
INSERT INTO dbLanguage (Id, LanguageName, ForeignName, ISO6391, ISO6392, Active) VALUES(22, 'Bosnian', N'bosanski jezik', 'bs', 'bos', 0); 
INSERT INTO dbLanguage (Id, LanguageName, ForeignName, ISO6391, ISO6392, Active) VALUES(23, 'Breton', N'brezhoneg', 'br', 'bre', 0); 
INSERT INTO dbLanguage (Id, LanguageName, ForeignName, ISO6391, ISO6392, Active) VALUES(24, 'Bulgarian', N'български език', 'bg', 'bul', 0); 
INSERT INTO dbLanguage (Id, LanguageName, ForeignName, ISO6391, ISO6392, Active) VALUES(25, 'Burmese', N'ဗမာစာ', 'my', 'mya', 0); 
INSERT INTO dbLanguage (Id, LanguageName, ForeignName, ISO6391, ISO6392, Active) VALUES(26, 'Catalan, Valencian', N'català, valencià', 'ca', 'cat', 0); 
INSERT INTO dbLanguage (Id, LanguageName, ForeignName, ISO6391, ISO6392, Active) VALUES(27, 'Chamorro', N'Chamoru', 'ch', 'cha', 0); 
INSERT INTO dbLanguage (Id, LanguageName, ForeignName, ISO6391, ISO6392, Active) VALUES(28, 'Chechen', N'нохчийн мотт', 'ce', 'che', 0); 
INSERT INTO dbLanguage (Id, LanguageName, ForeignName, ISO6391, ISO6392, Active) VALUES(29, 'Chichewa, Chewa, Nyanja', N'chiCheŵa, chinyanja', 'ny', 'nya', 0); 
INSERT INTO dbLanguage (Id, LanguageName, ForeignName, ISO6391, ISO6392, Active) VALUES(30, 'Chinese', N'中文 (Zhōngwén), 汉语, 漢語', 'zh', 'zho', 0); 
INSERT INTO dbLanguage (Id, LanguageName, ForeignName, ISO6391, ISO6392, Active) VALUES(31, 'Chuvash', N'чӑваш чӗлхи', 'cv', 'chv', 0); 
INSERT INTO dbLanguage (Id, LanguageName, ForeignName, ISO6391, ISO6392, Active) VALUES(32, 'Cornish', N'Kernewek', 'kw', 'cor', 0); 
INSERT INTO dbLanguage (Id, LanguageName, ForeignName, ISO6391, ISO6392, Active) VALUES(33, 'Corsican', N'corsu, lingua corsa', 'co', 'cos', 0); 
INSERT INTO dbLanguage (Id, LanguageName, ForeignName, ISO6391, ISO6392, Active) VALUES(34, 'Cree', N'ᓀᐦᐃᔭᐍᐏᐣ', 'cr', 'cre', 0); 
INSERT INTO dbLanguage (Id, LanguageName, ForeignName, ISO6391, ISO6392, Active) VALUES(35, 'Croatian', N'hrvatski jezik', 'hr', 'hrv', 0); 
INSERT INTO dbLanguage (Id, LanguageName, ForeignName, ISO6391, ISO6392, Active) VALUES(36, 'Czech', N'čeština, český jazyk', 'cs', 'ces', 0); 
INSERT INTO dbLanguage (Id, LanguageName, ForeignName, ISO6391, ISO6392, Active) VALUES(37, 'Danish', N'dansk', 'da', 'dan', 0); 
INSERT INTO dbLanguage (Id, LanguageName, ForeignName, ISO6391, ISO6392, Active) VALUES(38, 'Divehi, Dhivehi, Maldivian', N'ދިވެހި', 'dv', 'div', 0); 
INSERT INTO dbLanguage (Id, LanguageName, ForeignName, ISO6391, ISO6392, Active) VALUES(39, 'Dutch, Flemish', N'Nederlands, Vlaams', 'nl', 'nld', 1); 
INSERT INTO dbLanguage (Id, LanguageName, ForeignName, ISO6391, ISO6392, Active) VALUES(40, 'Dzongkha', N'རྫོང་ཁ', 'dz', 'dzo', 0); 
INSERT INTO dbLanguage (Id, LanguageName, ForeignName, ISO6391, ISO6392, Active) VALUES(41, 'English', N'English', 'en', 'eng', 1); 
INSERT INTO dbLanguage (Id, LanguageName, ForeignName, ISO6391, ISO6392, Active) VALUES(42, 'Esperanto', N'Esperanto', 'eo', 'epo', 0); 
INSERT INTO dbLanguage (Id, LanguageName, ForeignName, ISO6391, ISO6392, Active) VALUES(43, 'Estonian', N'eesti, eesti keel', 'et', 'est', 0); 
INSERT INTO dbLanguage (Id, LanguageName, ForeignName, ISO6391, ISO6392, Active) VALUES(44, 'Ewe', N'Eʋegbe', 'ee', 'ewe', 0); 
INSERT INTO dbLanguage (Id, LanguageName, ForeignName, ISO6391, ISO6392, Active) VALUES(45, 'Faroese', N'føroyskt', 'fo', 'fao', 0); 
INSERT INTO dbLanguage (Id, LanguageName, ForeignName, ISO6391, ISO6392, Active) VALUES(46, 'Fijian', N'vosa Vakaviti', 'fj', 'fij', 0); 
INSERT INTO dbLanguage (Id, LanguageName, ForeignName, ISO6391, ISO6392, Active) VALUES(47, 'Finnish', N'suomi, suomen kieli', 'fi', 'fin', 0); 
INSERT INTO dbLanguage (Id, LanguageName, ForeignName, ISO6391, ISO6392, Active) VALUES(48, 'French', N'français, langue française', 'fr', 'fra', 0); 
INSERT INTO dbLanguage (Id, LanguageName, ForeignName, ISO6391, ISO6392, Active) VALUES(49, 'Fulah', N'Fulfulde, Pulaar, Pular', 'ff', 'ful', 0); 
INSERT INTO dbLanguage (Id, LanguageName, ForeignName, ISO6391, ISO6392, Active) VALUES(50, 'Galician', N'Galego', 'gl', 'glg', 0); 
INSERT INTO dbLanguage (Id, LanguageName, ForeignName, ISO6391, ISO6392, Active) VALUES(51, 'Georgian', N'ქართული', 'ka', 'kat', 0); 
INSERT INTO dbLanguage (Id, LanguageName, ForeignName, ISO6391, ISO6392, Active) VALUES(52, 'German', N'Deutsch', 'de', 'deu', 0); 
INSERT INTO dbLanguage (Id, LanguageName, ForeignName, ISO6391, ISO6392, Active) VALUES(53, 'Greek, Modern (1453-)', N'ελληνικά', 'el', 'ell', 0); 
INSERT INTO dbLanguage (Id, LanguageName, ForeignName, ISO6391, ISO6392, Active) VALUES(54, 'Guarani', N'Avañe''ẽ', 'gn', 'grn', 0); 
INSERT INTO dbLanguage (Id, LanguageName, ForeignName, ISO6391, ISO6392, Active) VALUES(55, 'Gujarati', N'ગુજરાતી', 'gu', 'guj', 0); 
INSERT INTO dbLanguage (Id, LanguageName, ForeignName, ISO6391, ISO6392, Active) VALUES(56, 'Haitian, Haitian Creole', N'Kreyòl ayisyen', 'ht', 'hat', 0); 
INSERT INTO dbLanguage (Id, LanguageName, ForeignName, ISO6391, ISO6392, Active) VALUES(57, 'Hausa', N'(Hausa) هَوُسَ', 'ha', 'hau', 0); 
INSERT INTO dbLanguage (Id, LanguageName, ForeignName, ISO6391, ISO6392, Active) VALUES(58, 'Hebrew', N'עברית', 'he', 'heb', 0); 
INSERT INTO dbLanguage (Id, LanguageName, ForeignName, ISO6391, ISO6392, Active) VALUES(59, 'Herero', N'Otjiherero', 'hz', 'her', 0); 
INSERT INTO dbLanguage (Id, LanguageName, ForeignName, ISO6391, ISO6392, Active) VALUES(60, 'Hindi', N'हिन्दी, हिंदी', 'hi', 'hin', 0); 
INSERT INTO dbLanguage (Id, LanguageName, ForeignName, ISO6391, ISO6392, Active) VALUES(61, 'Hiri Motu', N'Hiri Motu', 'ho', 'hmo', 0); 
INSERT INTO dbLanguage (Id, LanguageName, ForeignName, ISO6391, ISO6392, Active) VALUES(62, 'Hungarian', N'magyar', 'hu', 'hun', 0); 
INSERT INTO dbLanguage (Id, LanguageName, ForeignName, ISO6391, ISO6392, Active) VALUES(63, 'Interlingua', N'Interlingua', 'ia', 'ina', 0); 
INSERT INTO dbLanguage (Id, LanguageName, ForeignName, ISO6391, ISO6392, Active) VALUES(64, 'Indonesian', N'Bahasa Indonesia', 'id', 'ind', 0); 
INSERT INTO dbLanguage (Id, LanguageName, ForeignName, ISO6391, ISO6392, Active) VALUES(65, 'Interlingue, Occidental', N'(originally:) Occidental, (after WWII:) Interlingue', 'ie', 'ile', 0); 
INSERT INTO dbLanguage (Id, LanguageName, ForeignName, ISO6391, ISO6392, Active) VALUES(66, 'Irish', N'Gaeilge', 'ga', 'gle', 0); 
INSERT INTO dbLanguage (Id, LanguageName, ForeignName, ISO6391, ISO6392, Active) VALUES(67, 'Igbo', N'Asụsụ Igbo', 'ig', 'ibo', 0); 
INSERT INTO dbLanguage (Id, LanguageName, ForeignName, ISO6391, ISO6392, Active) VALUES(68, 'Inupiaq', N'Iñupiaq, Iñupiatun', 'ik', 'ipk', 0); 
INSERT INTO dbLanguage (Id, LanguageName, ForeignName, ISO6391, ISO6392, Active) VALUES(69, 'Ido', N'Ido', 'io', 'ido', 0); 
INSERT INTO dbLanguage (Id, LanguageName, ForeignName, ISO6391, ISO6392, Active) VALUES(70, 'Icelandic', N'Íslenska', 'is', 'isl', 0); 
INSERT INTO dbLanguage (Id, LanguageName, ForeignName, ISO6391, ISO6392, Active) VALUES(71, 'Italian', N'Italiano', 'it', 'ita', 0); 
INSERT INTO dbLanguage (Id, LanguageName, ForeignName, ISO6391, ISO6392, Active) VALUES(72, 'Inuktitut', N'ᐃᓄᒃᑎᑐᑦ', 'iu', 'iku', 0); 
INSERT INTO dbLanguage (Id, LanguageName, ForeignName, ISO6391, ISO6392, Active) VALUES(73, 'Japanese', N'日本語 (にほんご)', 'ja', 'jpn', 0); 
INSERT INTO dbLanguage (Id, LanguageName, ForeignName, ISO6391, ISO6392, Active) VALUES(74, 'Javanese', N'ꦧꦱꦗꦮ, Basa Jawa', 'jv', 'jav', 0); 
INSERT INTO dbLanguage (Id, LanguageName, ForeignName, ISO6391, ISO6392, Active) VALUES(75, 'Kalaallisut, Greenlandic', N'kalaallisut, kalaallit oqaasii', 'kl', 'kal', 0); 
INSERT INTO dbLanguage (Id, LanguageName, ForeignName, ISO6391, ISO6392, Active) VALUES(76, 'Kannada', N'ಕನ್ನಡ', 'kn', 'kan', 0); 
INSERT INTO dbLanguage (Id, LanguageName, ForeignName, ISO6391, ISO6392, Active) VALUES(77, 'Kanuri', N'Kanuri', 'kr', 'kau', 0); 
INSERT INTO dbLanguage (Id, LanguageName, ForeignName, ISO6391, ISO6392, Active) VALUES(78, 'Kashmiri', N'कश्मीरी, كشميري‎', 'ks', 'kas', 0); 
INSERT INTO dbLanguage (Id, LanguageName, ForeignName, ISO6391, ISO6392, Active) VALUES(79, 'Kazakh', N'қазақ тілі', 'kk', 'kaz', 0); 
INSERT INTO dbLanguage (Id, LanguageName, ForeignName, ISO6391, ISO6392, Active) VALUES(80, 'Central Khmer', N'ខ្មែរ, ខេមរភាសា, ភាសាខ្មែរ', 'km', 'khm', 0); 
INSERT INTO dbLanguage (Id, LanguageName, ForeignName, ISO6391, ISO6392, Active) VALUES(81, 'Kikuyu, Gikuyu', N'Gĩkũyũ', 'ki', 'kik', 0); 
INSERT INTO dbLanguage (Id, LanguageName, ForeignName, ISO6391, ISO6392, Active) VALUES(82, 'Kinyarwanda', N'Ikinyarwanda', 'rw', 'kin', 0); 
INSERT INTO dbLanguage (Id, LanguageName, ForeignName, ISO6391, ISO6392, Active) VALUES(83, 'Kirghiz, Kyrgyz', N'Кыргызча, Кыргыз тили', 'ky', 'kir', 0); 
INSERT INTO dbLanguage (Id, LanguageName, ForeignName, ISO6391, ISO6392, Active) VALUES(84, 'Komi', N'коми кыв', 'kv', 'kom', 0); 
INSERT INTO dbLanguage (Id, LanguageName, ForeignName, ISO6391, ISO6392, Active) VALUES(85, 'Kongo', N'Kikongo', 'kg', 'kon', 0); 
INSERT INTO dbLanguage (Id, LanguageName, ForeignName, ISO6391, ISO6392, Active) VALUES(86, 'Korean', N'한국어', 'ko', 'kor', 0); 
INSERT INTO dbLanguage (Id, LanguageName, ForeignName, ISO6391, ISO6392, Active) VALUES(87, 'Kurdish', N'Kurdî, کوردی‎', 'ku', 'kur', 0); 
INSERT INTO dbLanguage (Id, LanguageName, ForeignName, ISO6391, ISO6392, Active) VALUES(88, 'Kuanyama, Kwanyama', N'Kuanyama', 'kj', 'kua', 0); 
INSERT INTO dbLanguage (Id, LanguageName, ForeignName, ISO6391, ISO6392, Active) VALUES(89, 'Latin', N'latine, lingua latina', 'la', 'lat', 0); 
INSERT INTO dbLanguage (Id, LanguageName, ForeignName, ISO6391, ISO6392, Active) VALUES(90, 'Luxembourgish, Letzeburgesch', N'Lëtzebuergesch', 'lb', 'ltz', 0); 
INSERT INTO dbLanguage (Id, LanguageName, ForeignName, ISO6391, ISO6392, Active) VALUES(91, 'Ganda', N'Luganda', 'lg', 'lug', 0); 
INSERT INTO dbLanguage (Id, LanguageName, ForeignName, ISO6391, ISO6392, Active) VALUES(92, 'Limburgan, Limburger, Limburgish', N'Limburgs', 'li', 'lim', 0); 
INSERT INTO dbLanguage (Id, LanguageName, ForeignName, ISO6391, ISO6392, Active) VALUES(93, 'Lingala', N'Lingála', 'ln', 'lin', 0); 
INSERT INTO dbLanguage (Id, LanguageName, ForeignName, ISO6391, ISO6392, Active) VALUES(94, 'Lao', N'ພາສາລາວ', 'lo', 'lao', 0); 
INSERT INTO dbLanguage (Id, LanguageName, ForeignName, ISO6391, ISO6392, Active) VALUES(95, 'Lithuanian', N'lietuvių kalba', 'lt', 'lit', 0); 
INSERT INTO dbLanguage (Id, LanguageName, ForeignName, ISO6391, ISO6392, Active) VALUES(96, 'Luba-Katanga', N'Kiluba', 'lu', 'lub', 0); 
INSERT INTO dbLanguage (Id, LanguageName, ForeignName, ISO6391, ISO6392, Active) VALUES(97, 'Latvian', N'latviešu valoda', 'lv', 'lav', 0); 
INSERT INTO dbLanguage (Id, LanguageName, ForeignName, ISO6391, ISO6392, Active) VALUES(98, 'Manx', N'Gaelg, Gailck', 'gv', 'glv', 0); 
INSERT INTO dbLanguage (Id, LanguageName, ForeignName, ISO6391, ISO6392, Active) VALUES(99, 'Macedonian', N'македонски јазик', 'mk', 'mkd', 0); 
INSERT INTO dbLanguage (Id, LanguageName, ForeignName, ISO6391, ISO6392, Active) VALUES(100, 'Malagasy', N'fiteny malagasy', 'mg', 'mlg', 0); 
INSERT INTO dbLanguage (Id, LanguageName, ForeignName, ISO6391, ISO6392, Active) VALUES(101, 'Malay', N'Bahasa Melayu, بهاس ملايو‎', 'ms', 'msa', 0); 
INSERT INTO dbLanguage (Id, LanguageName, ForeignName, ISO6391, ISO6392, Active) VALUES(102, 'Malayalam', N'മലയാളം', 'ml', 'mal', 0); 
INSERT INTO dbLanguage (Id, LanguageName, ForeignName, ISO6391, ISO6392, Active) VALUES(103, 'Maltese', N'Malti', 'mt', 'mlt', 0); 
INSERT INTO dbLanguage (Id, LanguageName, ForeignName, ISO6391, ISO6392, Active) VALUES(104, 'Maori', N'te reo Māori', 'mi', 'mri', 0); 
INSERT INTO dbLanguage (Id, LanguageName, ForeignName, ISO6391, ISO6392, Active) VALUES(105, 'Marathi', N'मराठी', 'mr', 'mar', 0); 
INSERT INTO dbLanguage (Id, LanguageName, ForeignName, ISO6391, ISO6392, Active) VALUES(106, 'Marshallese', N'Kajin M̧ajeļ', 'mh', 'mah', 0); 
INSERT INTO dbLanguage (Id, LanguageName, ForeignName, ISO6391, ISO6392, Active) VALUES(107, 'Mongolian', N'Монгол хэл', 'mn', 'mon', 0); 
INSERT INTO dbLanguage (Id, LanguageName, ForeignName, ISO6391, ISO6392, Active) VALUES(108, 'Nauru', N'Dorerin Naoero', 'na', 'nau', 0); 
INSERT INTO dbLanguage (Id, LanguageName, ForeignName, ISO6391, ISO6392, Active) VALUES(109, 'Navajo, Navaho', N'Diné bizaad', 'nv', 'nav', 0); 
INSERT INTO dbLanguage (Id, LanguageName, ForeignName, ISO6391, ISO6392, Active) VALUES(110, 'North Ndebele', N'isiNdebele', 'nd', 'nde', 0); 
INSERT INTO dbLanguage (Id, LanguageName, ForeignName, ISO6391, ISO6392, Active) VALUES(111, 'Nepali', N'नेपाली', 'ne', 'nep', 0); 
INSERT INTO dbLanguage (Id, LanguageName, ForeignName, ISO6391, ISO6392, Active) VALUES(112, 'Ndonga', N'Owambo', 'ng', 'ndo', 0); 
INSERT INTO dbLanguage (Id, LanguageName, ForeignName, ISO6391, ISO6392, Active) VALUES(113, 'Norwegian Bokmål', N'Norsk Bokmål', 'nb', 'nob', 0); 
INSERT INTO dbLanguage (Id, LanguageName, ForeignName, ISO6391, ISO6392, Active) VALUES(114, 'Norwegian Nynorsk', N'Norsk Nynorsk', 'nn', 'nno', 0); 
INSERT INTO dbLanguage (Id, LanguageName, ForeignName, ISO6391, ISO6392, Active) VALUES(115, 'Norwegian', N'Norsk', 'no', 'nor', 0); 
INSERT INTO dbLanguage (Id, LanguageName, ForeignName, ISO6391, ISO6392, Active) VALUES(116, 'Sichuan Yi, Nuosu', N'ꆈꌠ꒿ Nuosuhxop', 'ii', 'iii', 0); 
INSERT INTO dbLanguage (Id, LanguageName, ForeignName, ISO6391, ISO6392, Active) VALUES(117, 'South Ndebele', N'isiNdebele', 'nr', 'nbl', 0); 
INSERT INTO dbLanguage (Id, LanguageName, ForeignName, ISO6391, ISO6392, Active) VALUES(118, 'Occitan', N'occitan, lenga d''òc', 'oc', 'oci', 0); 
INSERT INTO dbLanguage (Id, LanguageName, ForeignName, ISO6391, ISO6392, Active) VALUES(119, 'Ojibwa', N'ᐊᓂᔑᓈᐯᒧᐎᓐ', 'oj', 'oji', 0); 
INSERT INTO dbLanguage (Id, LanguageName, ForeignName, ISO6391, ISO6392, Active) VALUES(120, 'Church Slavic, Old Slavonic, Church Slavonic', N'ѩзыкъ словѣньскъ', 'cu', 'chu', 0); 
INSERT INTO dbLanguage (Id, LanguageName, ForeignName, ISO6391, ISO6392, Active) VALUES(121, 'Oromo', N'Afaan Oromoo', 'om', 'orm', 0); 
INSERT INTO dbLanguage (Id, LanguageName, ForeignName, ISO6391, ISO6392, Active) VALUES(122, 'Oriya', N'ଓଡ଼ିଆ', 'or', 'ori', 0); 
INSERT INTO dbLanguage (Id, LanguageName, ForeignName, ISO6391, ISO6392, Active) VALUES(123, 'Ossetian, Ossetic', N'ирон æвзаг', 'os', 'oss', 0); 
INSERT INTO dbLanguage (Id, LanguageName, ForeignName, ISO6391, ISO6392, Active) VALUES(124, 'Punjabi, Panjabi', N'ਪੰਜਾਬੀ, پنجابی‎', 'pa', 'pan', 0); 
INSERT INTO dbLanguage (Id, LanguageName, ForeignName, ISO6391, ISO6392, Active) VALUES(125, 'Pali', N'पालि, पाळि', 'pi', 'pli', 0); 
INSERT INTO dbLanguage (Id, LanguageName, ForeignName, ISO6391, ISO6392, Active) VALUES(126, 'Persian', N'فارسی', 'fa', 'fas', 0); 
INSERT INTO dbLanguage (Id, LanguageName, ForeignName, ISO6391, ISO6392, Active) VALUES(127, 'Polish', N'język polski, polszczyzna', 'pl', 'pol', 0); 
INSERT INTO dbLanguage (Id, LanguageName, ForeignName, ISO6391, ISO6392, Active) VALUES(128, 'Pashto, Pushto', N'پښتو', 'ps', 'pus', 0); 
INSERT INTO dbLanguage (Id, LanguageName, ForeignName, ISO6391, ISO6392, Active) VALUES(129, 'Portuguese', N'Português', 'pt', 'por', 0); 
INSERT INTO dbLanguage (Id, LanguageName, ForeignName, ISO6391, ISO6392, Active) VALUES(130, 'Quechua', N'Runa Simi, Kichwa', 'qu', 'que', 0); 
INSERT INTO dbLanguage (Id, LanguageName, ForeignName, ISO6391, ISO6392, Active) VALUES(131, 'Romansh', N'Rumantsch Grischun', 'rm', 'roh', 0); 
INSERT INTO dbLanguage (Id, LanguageName, ForeignName, ISO6391, ISO6392, Active) VALUES(132, 'Rundi', N'Ikirundi', 'rn', 'run', 0); 
INSERT INTO dbLanguage (Id, LanguageName, ForeignName, ISO6391, ISO6392, Active) VALUES(133, 'Romanian, Moldavian, Moldovan', N'Română', 'ro', 'ron', 0); 
INSERT INTO dbLanguage (Id, LanguageName, ForeignName, ISO6391, ISO6392, Active) VALUES(134, 'Russian', N'русский', 'ru', 'rus', 0); 
INSERT INTO dbLanguage (Id, LanguageName, ForeignName, ISO6391, ISO6392, Active) VALUES(135, 'Sanskrit', N'संस्कृतम्', 'sa', 'san', 0); 
INSERT INTO dbLanguage (Id, LanguageName, ForeignName, ISO6391, ISO6392, Active) VALUES(136, 'Sardinian', N'sardu', 'sc', 'srd', 0); 
INSERT INTO dbLanguage (Id, LanguageName, ForeignName, ISO6391, ISO6392, Active) VALUES(137, 'Sindhi', N'सिन्धी, سنڌي، سندھی‎', 'sd', 'snd', 0); 
INSERT INTO dbLanguage (Id, LanguageName, ForeignName, ISO6391, ISO6392, Active) VALUES(138, 'Northern Sami', N'Davvisámegiella', 'se', 'sme', 0); 
INSERT INTO dbLanguage (Id, LanguageName, ForeignName, ISO6391, ISO6392, Active) VALUES(139, 'Samoan', N'gagana fa''a Samoa', 'sm', 'smo', 0); 
INSERT INTO dbLanguage (Id, LanguageName, ForeignName, ISO6391, ISO6392, Active) VALUES(140, 'Sango', N'yângâ tî sängö', 'sg', 'sag', 0); 
INSERT INTO dbLanguage (Id, LanguageName, ForeignName, ISO6391, ISO6392, Active) VALUES(141, 'Serbian', N'српски језик', 'sr', 'srp', 0); 
INSERT INTO dbLanguage (Id, LanguageName, ForeignName, ISO6391, ISO6392, Active) VALUES(142, 'Gaelic, Scottish Gaelic', N'Gàidhlig', 'gd', 'gla', 0); 
INSERT INTO dbLanguage (Id, LanguageName, ForeignName, ISO6391, ISO6392, Active) VALUES(143, 'Shona', N'chiShona', 'sn', 'sna', 0); 
INSERT INTO dbLanguage (Id, LanguageName, ForeignName, ISO6391, ISO6392, Active) VALUES(144, 'Sinhala, Sinhalese', N'සිංහල', 'si', 'sin', 0); 
INSERT INTO dbLanguage (Id, LanguageName, ForeignName, ISO6391, ISO6392, Active) VALUES(145, 'Slovak', N'Slovenčina, Slovenský Jazyk', 'sk', 'slk', 0); 
INSERT INTO dbLanguage (Id, LanguageName, ForeignName, ISO6391, ISO6392, Active) VALUES(146, 'Slovenian', N'Slovenski Jezik, Slovenščina', 'sl', 'slv', 0); 
INSERT INTO dbLanguage (Id, LanguageName, ForeignName, ISO6391, ISO6392, Active) VALUES(147, 'Somali', N'Soomaaliga, af Soomaali', 'so', 'som', 0); 
INSERT INTO dbLanguage (Id, LanguageName, ForeignName, ISO6391, ISO6392, Active) VALUES(148, 'Southern Sotho', N'Sesotho', 'st', 'sot', 0); 
INSERT INTO dbLanguage (Id, LanguageName, ForeignName, ISO6391, ISO6392, Active) VALUES(149, 'Spanish, Castilian', N'Español', 'es', 'spa', 0); 
INSERT INTO dbLanguage (Id, LanguageName, ForeignName, ISO6391, ISO6392, Active) VALUES(150, 'Sundanese', N'Basa Sunda', 'su', 'sun', 0); 
INSERT INTO dbLanguage (Id, LanguageName, ForeignName, ISO6391, ISO6392, Active) VALUES(151, 'Swahili', N'Kiswahili', 'sw', 'swa', 0); 
INSERT INTO dbLanguage (Id, LanguageName, ForeignName, ISO6391, ISO6392, Active) VALUES(152, 'Swati', N'SiSwati', 'ss', 'ssw', 0); 
INSERT INTO dbLanguage (Id, LanguageName, ForeignName, ISO6391, ISO6392, Active) VALUES(153, 'Swedish', N'Svenska', 'sv', 'swe', 0); 
INSERT INTO dbLanguage (Id, LanguageName, ForeignName, ISO6391, ISO6392, Active) VALUES(154, 'Tamil', N'தமிழ்', 'ta', 'tam', 0); 
INSERT INTO dbLanguage (Id, LanguageName, ForeignName, ISO6391, ISO6392, Active) VALUES(155, 'Telugu', N'తెలుగు', 'te', 'tel', 0); 
INSERT INTO dbLanguage (Id, LanguageName, ForeignName, ISO6391, ISO6392, Active) VALUES(156, 'Tajik', N'тоҷикӣ, toçikī, تاجیکی‎', 'tg', 'tgk', 0); 
INSERT INTO dbLanguage (Id, LanguageName, ForeignName, ISO6391, ISO6392, Active) VALUES(157, 'Thai', N'ไทย', 'th', 'tha', 0); 
INSERT INTO dbLanguage (Id, LanguageName, ForeignName, ISO6391, ISO6392, Active) VALUES(158, 'Tigrinya', N'ትግርኛ', 'ti', 'tir', 0); 
INSERT INTO dbLanguage (Id, LanguageName, ForeignName, ISO6391, ISO6392, Active) VALUES(159, 'Tibetan', N'བོད་ཡིག', 'bo', 'bod', 0); 
INSERT INTO dbLanguage (Id, LanguageName, ForeignName, ISO6391, ISO6392, Active) VALUES(160, 'Turkmen', N'Türkmen, Түркмен', 'tk', 'tuk', 0); 
INSERT INTO dbLanguage (Id, LanguageName, ForeignName, ISO6391, ISO6392, Active) VALUES(161, 'Tagalog', N'Wikang Tagalog', 'tl', 'tgl', 0); 
INSERT INTO dbLanguage (Id, LanguageName, ForeignName, ISO6391, ISO6392, Active) VALUES(162, 'Tswana', N'Setswana', 'tn', 'tsn', 0); 
INSERT INTO dbLanguage (Id, LanguageName, ForeignName, ISO6391, ISO6392, Active) VALUES(163, 'Tonga (Tonga Islands)', N'Faka Tonga', 'to', 'ton', 0); 
INSERT INTO dbLanguage (Id, LanguageName, ForeignName, ISO6391, ISO6392, Active) VALUES(164, 'Turkish', N'Türkçe', 'tr', 'tur', 0); 
INSERT INTO dbLanguage (Id, LanguageName, ForeignName, ISO6391, ISO6392, Active) VALUES(165, 'Tsonga', N'Xitsonga', 'ts', 'tso', 0); 
INSERT INTO dbLanguage (Id, LanguageName, ForeignName, ISO6391, ISO6392, Active) VALUES(166, 'Tatar', N'татар теле, tatar tele', 'tt', 'tat', 0); 
INSERT INTO dbLanguage (Id, LanguageName, ForeignName, ISO6391, ISO6392, Active) VALUES(167, 'Twi', N'Twi', 'tw', 'twi', 0); 
INSERT INTO dbLanguage (Id, LanguageName, ForeignName, ISO6391, ISO6392, Active) VALUES(168, 'Tahitian', N'Reo Tahiti', 'ty', 'tah', 0); 
INSERT INTO dbLanguage (Id, LanguageName, ForeignName, ISO6391, ISO6392, Active) VALUES(169, 'Uighur, Uyghur', N'ئۇيغۇرچە‎, Uyghurche', 'ug', 'uig', 0); 
INSERT INTO dbLanguage (Id, LanguageName, ForeignName, ISO6391, ISO6392, Active) VALUES(170, 'Ukrainian', N'Українська', 'uk', 'ukr', 0); 
INSERT INTO dbLanguage (Id, LanguageName, ForeignName, ISO6391, ISO6392, Active) VALUES(171, 'Urdu', N'اردو', 'ur', 'urd', 0); 
INSERT INTO dbLanguage (Id, LanguageName, ForeignName, ISO6391, ISO6392, Active) VALUES(172, 'Uzbek', N'Oʻzbek, Ўзбек, أۇزبېك‎', 'uz', 'uzb', 0); 
INSERT INTO dbLanguage (Id, LanguageName, ForeignName, ISO6391, ISO6392, Active) VALUES(173, 'Venda', N'Tshivenḓa', 've', 'ven', 0); 
INSERT INTO dbLanguage (Id, LanguageName, ForeignName, ISO6391, ISO6392, Active) VALUES(174, 'Vietnamese', N'Tiếng Việt', 'vi', 'vie', 0); 
INSERT INTO dbLanguage (Id, LanguageName, ForeignName, ISO6391, ISO6392, Active) VALUES(175, 'Volapük', N'Volapük', 'vo', 'vol', 0); 
INSERT INTO dbLanguage (Id, LanguageName, ForeignName, ISO6391, ISO6392, Active) VALUES(176, 'Walloon', N'Walon', 'wa', 'wln', 0); 
INSERT INTO dbLanguage (Id, LanguageName, ForeignName, ISO6391, ISO6392, Active) VALUES(177, 'Welsh', N'Cymraeg', 'cy', 'cym', 0); 
INSERT INTO dbLanguage (Id, LanguageName, ForeignName, ISO6391, ISO6392, Active) VALUES(178, 'Wolof', N'Wollof', 'wo', 'wol', 0); 
INSERT INTO dbLanguage (Id, LanguageName, ForeignName, ISO6391, ISO6392, Active) VALUES(179, 'Western Frisian', N'Frysk', 'fy', 'fry', 0); 
INSERT INTO dbLanguage (Id, LanguageName, ForeignName, ISO6391, ISO6392, Active) VALUES(180, 'Xhosa', N'isiXhosa', 'xh', 'xho', 0); 
INSERT INTO dbLanguage (Id, LanguageName, ForeignName, ISO6391, ISO6392, Active) VALUES(181, 'Yiddish', N'ייִדיש', 'yi', 'yid', 0); 
INSERT INTO dbLanguage (Id, LanguageName, ForeignName, ISO6391, ISO6392, Active) VALUES(182, 'Yoruba', N'Yorùbá', 'yo', 'yor', 0); 
INSERT INTO dbLanguage (Id, LanguageName, ForeignName, ISO6391, ISO6392, Active) VALUES(183, 'Zhuang, Chuang', N'Saɯ cueŋƅ, Saw cuengh', 'za', 'zha', 0); 
INSERT INTO dbLanguage (Id, LanguageName, ForeignName, ISO6391, ISO6392, Active) VALUES(184, 'Zulu', N'isiZulu', 'zu', 'zul', 0); 
 
SET IDENTITY_INSERT dbLanguage OFF
  
SET IDENTITY_INSERT dbClaim ON
 
INSERT INTO dbClaim (Id, ClaimGroup, Claim, ClaimType) VALUES (1, 'Classification', 'Classification', 'Menu'); 
INSERT INTO dbClaim (Id, ClaimGroup, Claim, ClaimType) VALUES (2, 'Classification', 'ClassificationPage', 'Menu'); 
INSERT INTO dbClaim (Id, ClaimGroup, Claim, ClaimType) VALUES (3, 'Administration', 'Role', 'Menu'); 
INSERT INTO dbClaim (Id, ClaimGroup, Claim, ClaimType) VALUES (4, 'Classification', 'ClassificationLevel', 'Menu'); 
INSERT INTO dbClaim (Id, ClaimGroup, Claim, ClaimType) VALUES (5, 'Type', 'ContentType', 'Menu'); 
INSERT INTO dbClaim (Id, ClaimGroup, Claim, ClaimType) VALUES (6, 'Type', 'OrganizationType', 'Menu'); 
INSERT INTO dbClaim (Id, ClaimGroup, Claim, ClaimType) VALUES (7, 'Type', 'PageType', 'Menu'); 
INSERT INTO dbClaim (Id, ClaimGroup, Claim, ClaimType) VALUES (8, 'Page', 'Page', 'Menu'); 
INSERT INTO dbClaim (Id, ClaimGroup, Claim, ClaimType) VALUES (9, 'Project', 'Project', 'Menu'); 
INSERT INTO dbClaim (Id, ClaimGroup, Claim, ClaimType) VALUES (10, 'Type', 'Type', 'Menu'); 

SET IDENTITY_INSERT dbClaim OFF

SET IDENTITY_INSERT dbSecurityLevel ON
 
INSERT INTO dbSecurityLevel (Id, Name) VALUES (1, '1'); 
INSERT INTO dbSecurityLevel (Id, Name) VALUES (2, '2'); 
INSERT INTO dbSecurityLevel (Id, Name) VALUES (3, '3'); 
INSERT INTO dbSecurityLevel (Id, Name) VALUES (4, '4'); 
INSERT INTO dbSecurityLevel (Id, Name) VALUES (5, '5'); 
INSERT INTO dbSecurityLevel (Id, Name) VALUES (6, '6'); 
INSERT INTO dbSecurityLevel (Id, Name) VALUES (7, '7'); 
INSERT INTO dbSecurityLevel (Id, Name) VALUES (8, '8'); 
INSERT INTO dbSecurityLevel (Id, Name) VALUES (9, '9'); 
INSERT INTO dbSecurityLevel (Id, Name) VALUES (10, '10'); 

SET IDENTITY_INSERT dbSecurityLevel OFF
 
SET IDENTITY_INSERT dbSetting ON

INSERT INTO dbSetting  (Id, IntValue, SettingName) VALUES (1, 41, 'Default language'); 
INSERT INTO dbSetting  (Id, IntValue, SettingName) VALUES (2, 2, 'Home page'); 
 
SET IDENTITY_INSERT dbSetting OFF

SET IDENTITY_INSERT dbClassificationStatus ON

INSERT INTO dbClassificationStatus (Id, ClassificationStatusName) VALUES (1, 'Active'); 
INSERT INTO dbClassificationStatus (Id, ClassificationStatusName) VALUES (2, 'Inactive'); 

SET IDENTITY_INSERT dbClassificationStatus OFF

SET IDENTITY_INSERT dbOrganizationStatus ON
 
INSERT INTO dbOrganizationStatus (Id, OrganizationStatusName) VALUES (1, 'Active'); 
INSERT INTO dbOrganizationStatus (Id, OrganizationStatusName) VALUES (2, 'Inactive'); 

SET IDENTITY_INSERT dbOrganizationStatus OFF

SET IDENTITY_INSERT dbProjectStatus ON
 
INSERT INTO dbProjectStatus (Id, ProjectStatusName) VALUES (1, 'Active'); 
INSERT INTO dbProjectStatus (Id, ProjectStatusName) VALUES (2, 'Inactive'); 

SET IDENTITY_INSERT dbProjectStatus OFF

SET IDENTITY_INSERT dbPageStatus ON

INSERT INTO dbPageStatus (Id, PageStatusName) VALUES (1, 'Active'); 
INSERT INTO dbPageStatus (Id, PageStatusName) VALUES (2, 'Inactive'); 

SET IDENTITY_INSERT dbPageStatus OFF

SET IDENTITY_INSERT dbMasterList ON

INSERT dbMasterList (Id, MasterListName, MasterListDescription, Sequence) VALUES (0, '-- Not linked --', '-- Not linked --',1); 
INSERT dbMasterList (Id, MasterListName, MasterListDescription, Sequence) VALUES (1, 'Users', 'Users',5); 
INSERT dbMasterList (Id, MasterListName, MasterListDescription, Sequence) VALUES (2, 'Organizations', 'Organizations',3); 
INSERT dbMasterList (Id, MasterListName, MasterListDescription, Sequence) VALUES (3, 'Projects', 'Projects',4); 
INSERT dbMasterList (Id, MasterListName, MasterListDescription, Sequence) VALUES (4, 'Classifications', 'Classifications',2); 
INSERT dbMasterList (Id, MasterListName, MasterListDescription, Sequence) VALUES (5, 'Content', 'Content',2); 
INSERT dbMasterList (Id, MasterListName, MasterListDescription, Sequence) VALUES (6, 'Language', 'Language',2); 
INSERT dbMasterList (Id, MasterListName, MasterListDescription, Sequence) VALUES (7, 'Country', 'Country',2); 

SET IDENTITY_INSERT dbMasterList OFF

SET IDENTITY_INSERT dbDataType ON


INSERT dbDataType (Id, DataTypeName, DataTypeDescription) VALUES (1, 'Text', 'Text'); 
INSERT dbDataType (Id, DataTypeName, DataTypeDescription) VALUES (2, 'Number', 'Number'); 
INSERT dbDataType (Id, DataTypeName, DataTypeDescription) VALUES (3, 'Date', 'Date'); 
INSERT dbDataType (Id, DataTypeName, DataTypeDescription) VALUES (4, 'Date time', 'Date time'); 
SET IDENTITY_INSERT dbDataType OFF

SET IDENTITY_INSERT dbCountry ON

INSERT dbCountry (Id, CountryName, ISO31662, ISO31663, ISO3166Num, Region) VALUES (1, 'Afghanistan', 'AF', 'AFG', 4, 'Asia'); 
INSERT dbCountry (Id, CountryName, ISO31662, ISO31663, ISO3166Num, Region) VALUES (2, 'Åland Islands', 'AX', 'ALA', 248, 'Europe'); 
INSERT dbCountry (Id, CountryName, ISO31662, ISO31663, ISO3166Num, Region) VALUES (3, 'Albania', 'AL', 'ALB', 8, 'Europe'); 
INSERT dbCountry (Id, CountryName, ISO31662, ISO31663, ISO3166Num, Region) VALUES (4, 'Algeria', 'DZ', 'DZA', 12, 'Africa'); 
INSERT dbCountry (Id, CountryName, ISO31662, ISO31663, ISO3166Num, Region) VALUES (5, 'American Samoa', 'AS', 'ASM', 16, 'Oceania'); 
INSERT dbCountry (Id, CountryName, ISO31662, ISO31663, ISO3166Num, Region) VALUES (6, 'Andorra', 'AD', 'AND', 20, 'Europe'); 
INSERT dbCountry (Id, CountryName, ISO31662, ISO31663, ISO3166Num, Region) VALUES (7, 'Angola', 'AO', 'AGO', 24, 'Africa'); 
INSERT dbCountry (Id, CountryName, ISO31662, ISO31663, ISO3166Num, Region) VALUES (8, 'Anguilla', 'AI', 'AIA', 660, 'Americas'); 
INSERT dbCountry (Id, CountryName, ISO31662, ISO31663, ISO3166Num, Region) VALUES (9, 'Antarctica', 'AQ', 'ATA', 10, ''); 
INSERT dbCountry (Id, CountryName, ISO31662, ISO31663, ISO3166Num, Region) VALUES (10, 'Antigua and Barbuda', 'AG', 'ATG', 28, 'Americas'); 
INSERT dbCountry (Id, CountryName, ISO31662, ISO31663, ISO3166Num, Region) VALUES (11, 'Argentina', 'AR', 'ARG', 32, 'Americas'); 
INSERT dbCountry (Id, CountryName, ISO31662, ISO31663, ISO3166Num, Region) VALUES (12, 'Armenia', 'AM', 'ARM', 51, 'Asia'); 
INSERT dbCountry (Id, CountryName, ISO31662, ISO31663, ISO3166Num, Region) VALUES (13, 'Aruba', 'AW', 'ABW', 533, 'Americas'); 
INSERT dbCountry (Id, CountryName, ISO31662, ISO31663, ISO3166Num, Region) VALUES (14, 'Australia', 'AU', 'AUS', 36, 'Oceania'); 
INSERT dbCountry (Id, CountryName, ISO31662, ISO31663, ISO3166Num, Region) VALUES (15, 'Austria', 'AT', 'AUT', 40, 'Europe'); 
INSERT dbCountry (Id, CountryName, ISO31662, ISO31663, ISO3166Num, Region) VALUES (16, 'Azerbaijan', 'AZ', 'AZE', 31, 'Asia'); 
INSERT dbCountry (Id, CountryName, ISO31662, ISO31663, ISO3166Num, Region) VALUES (17, 'Bahamas', 'BS', 'BHS', 44, 'Americas'); 
INSERT dbCountry (Id, CountryName, ISO31662, ISO31663, ISO3166Num, Region) VALUES (18, 'Bahrain', 'BH', 'BHR', 48, 'Asia'); 
INSERT dbCountry (Id, CountryName, ISO31662, ISO31663, ISO3166Num, Region) VALUES (19, 'Bangladesh', 'BD', 'BGD', 50, 'Asia'); 
INSERT dbCountry (Id, CountryName, ISO31662, ISO31663, ISO3166Num, Region) VALUES (20, 'Barbados', 'BB', 'BRB', 52, 'Americas'); 
INSERT dbCountry (Id, CountryName, ISO31662, ISO31663, ISO3166Num, Region) VALUES (21, 'Belarus', 'BY', 'BLR', 112, 'Europe'); 
INSERT dbCountry (Id, CountryName, ISO31662, ISO31663, ISO3166Num, Region) VALUES (22, 'Belgium', 'BE', 'BEL', 56, 'Europe'); 
INSERT dbCountry (Id, CountryName, ISO31662, ISO31663, ISO3166Num, Region) VALUES (23, 'Belize', 'BZ', 'BLZ', 84, 'Americas'); 
INSERT dbCountry (Id, CountryName, ISO31662, ISO31663, ISO3166Num, Region) VALUES (24, 'Benin', 'BJ', 'BEN', 204, 'Africa'); 
INSERT dbCountry (Id, CountryName, ISO31662, ISO31663, ISO3166Num, Region) VALUES (25, 'Bermuda', 'BM', 'BMU', 60, 'Americas'); 
INSERT dbCountry (Id, CountryName, ISO31662, ISO31663, ISO3166Num, Region) VALUES (26, 'Bhutan', 'BT', 'BTN', 64, 'Asia'); 
INSERT dbCountry (Id, CountryName, ISO31662, ISO31663, ISO3166Num, Region) VALUES (27, 'Bolivia (Plurinational State of)', 'BO', 'BOL', 68, 'Americas'); 
INSERT dbCountry (Id, CountryName, ISO31662, ISO31663, ISO3166Num, Region) VALUES (28, 'Bonaire, Sint Eustatius and Saba', 'BQ', 'BES', 535, 'Americas'); 
INSERT dbCountry (Id, CountryName, ISO31662, ISO31663, ISO3166Num, Region) VALUES (29, 'Bosnia and Herzegovina', 'BA', 'BIH', 70, 'Europe'); 
INSERT dbCountry (Id, CountryName, ISO31662, ISO31663, ISO3166Num, Region) VALUES (30, 'Botswana', 'BW', 'BWA', 72, 'Africa'); 
INSERT dbCountry (Id, CountryName, ISO31662, ISO31663, ISO3166Num, Region) VALUES (31, 'Bouvet Island', 'BV', 'BVT', 74, 'Americas'); 
INSERT dbCountry (Id, CountryName, ISO31662, ISO31663, ISO3166Num, Region) VALUES (32, 'Brazil', 'BR', 'BRA', 76, 'Americas'); 
INSERT dbCountry (Id, CountryName, ISO31662, ISO31663, ISO3166Num, Region) VALUES (33, 'British Indian Ocean Territory', 'IO', 'IOT', 86, 'Africa'); 
INSERT dbCountry (Id, CountryName, ISO31662, ISO31663, ISO3166Num, Region) VALUES (34, 'Brunei Darussalam', 'BN', 'BRN', 96, 'Asia'); 
INSERT dbCountry (Id, CountryName, ISO31662, ISO31663, ISO3166Num, Region) VALUES (35, 'Bulgaria', 'BG', 'BGR', 100, 'Europe'); 
INSERT dbCountry (Id, CountryName, ISO31662, ISO31663, ISO3166Num, Region) VALUES (36, 'Burkina Faso', 'BF', 'BFA', 854, 'Africa'); 
INSERT dbCountry (Id, CountryName, ISO31662, ISO31663, ISO3166Num, Region) VALUES (37, 'Burundi', 'BI', 'BDI', 108, 'Africa'); 
INSERT dbCountry (Id, CountryName, ISO31662, ISO31663, ISO3166Num, Region) VALUES (38, 'Cabo Verde', 'CV', 'CPV', 132, 'Africa'); 
INSERT dbCountry (Id, CountryName, ISO31662, ISO31663, ISO3166Num, Region) VALUES (39, 'Cambodia', 'KH', 'KHM', 116, 'Asia'); 
INSERT dbCountry (Id, CountryName, ISO31662, ISO31663, ISO3166Num, Region) VALUES (40, 'Cameroon', 'CM', 'CMR', 120, 'Africa'); 
INSERT dbCountry (Id, CountryName, ISO31662, ISO31663, ISO3166Num, Region) VALUES (41, 'Canada', 'CA', 'CAN', 124, 'Americas'); 
INSERT dbCountry (Id, CountryName, ISO31662, ISO31663, ISO3166Num, Region) VALUES (42, 'Cayman Islands', 'KY', 'CYM', 136, 'Americas'); 
INSERT dbCountry (Id, CountryName, ISO31662, ISO31663, ISO3166Num, Region) VALUES (43, 'Central African Republic', 'CF', 'CAF', 140, 'Africa'); 
INSERT dbCountry (Id, CountryName, ISO31662, ISO31663, ISO3166Num, Region) VALUES (44, 'Chad', 'TD', 'TCD', 148, 'Africa'); 
INSERT dbCountry (Id, CountryName, ISO31662, ISO31663, ISO3166Num, Region) VALUES (45, 'Chile', 'CL', 'CHL', 152, 'Americas'); 
INSERT dbCountry (Id, CountryName, ISO31662, ISO31663, ISO3166Num, Region) VALUES (46, 'China', 'CN', 'CHN', 156, 'Asia'); 
INSERT dbCountry (Id, CountryName, ISO31662, ISO31663, ISO3166Num, Region) VALUES (47, 'Christmas Island', 'CX', 'CXR', 162, 'Oceania'); 
INSERT dbCountry (Id, CountryName, ISO31662, ISO31663, ISO3166Num, Region) VALUES (48, 'Cocos (Keeling) Islands', 'CC', 'CCK', 166, 'Oceania'); 
INSERT dbCountry (Id, CountryName, ISO31662, ISO31663, ISO3166Num, Region) VALUES (49, 'Colombia', 'CO', 'COL', 170, 'Americas'); 
INSERT dbCountry (Id, CountryName, ISO31662, ISO31663, ISO3166Num, Region) VALUES (50, 'Comoros', 'KM', 'COM', 174, 'Africa'); 
INSERT dbCountry (Id, CountryName, ISO31662, ISO31663, ISO3166Num, Region) VALUES (51, 'Congo', 'CG', 'COG', 178, 'Africa'); 
INSERT dbCountry (Id, CountryName, ISO31662, ISO31663, ISO3166Num, Region) VALUES (52, 'Congo, Democratic Republic of the', 'CD', 'COD', 180, 'Africa'); 
INSERT dbCountry (Id, CountryName, ISO31662, ISO31663, ISO3166Num, Region) VALUES (53, 'Cook Islands', 'CK', 'COK', 184, 'Oceania'); 
INSERT dbCountry (Id, CountryName, ISO31662, ISO31663, ISO3166Num, Region) VALUES (54, 'Costa Rica', 'CR', 'CRI', 188, 'Americas'); 
INSERT dbCountry (Id, CountryName, ISO31662, ISO31663, ISO3166Num, Region) VALUES (55, 'Côte d''Ivoire', 'CI', 'CIV', 384, 'Africa'); 
INSERT dbCountry (Id, CountryName, ISO31662, ISO31663, ISO3166Num, Region) VALUES (56, 'Croatia', 'HR', 'HRV', 191, 'Europe'); 
INSERT dbCountry (Id, CountryName, ISO31662, ISO31663, ISO3166Num, Region) VALUES (57, 'Cuba', 'CU', 'CUB', 192, 'Americas'); 
INSERT dbCountry (Id, CountryName, ISO31662, ISO31663, ISO3166Num, Region) VALUES (58, 'Curaçao', 'CW', 'CUW', 531, 'Americas'); 
INSERT dbCountry (Id, CountryName, ISO31662, ISO31663, ISO3166Num, Region) VALUES (59, 'Cyprus', 'CY', 'CYP', 196, 'Asia'); 
INSERT dbCountry (Id, CountryName, ISO31662, ISO31663, ISO3166Num, Region) VALUES (60, 'Czechia', 'CZ', 'CZE', 203, 'Europe'); 
INSERT dbCountry (Id, CountryName, ISO31662, ISO31663, ISO3166Num, Region) VALUES (61, 'Denmark', 'DK', 'DNK', 208, 'Europe'); 
INSERT dbCountry (Id, CountryName, ISO31662, ISO31663, ISO3166Num, Region) VALUES (62, 'Djibouti', 'DJ', 'DJI', 262, 'Africa'); 
INSERT dbCountry (Id, CountryName, ISO31662, ISO31663, ISO3166Num, Region) VALUES (63, 'Dominica', 'DM', 'DMA', 212, 'Americas'); 
INSERT dbCountry (Id, CountryName, ISO31662, ISO31663, ISO3166Num, Region) VALUES (64, 'Dominican Republic', 'DO', 'DOM', 214, 'Americas'); 
INSERT dbCountry (Id, CountryName, ISO31662, ISO31663, ISO3166Num, Region) VALUES (65, 'Ecuador', 'EC', 'ECU', 218, 'Americas'); 
INSERT dbCountry (Id, CountryName, ISO31662, ISO31663, ISO3166Num, Region) VALUES (66, 'Egypt', 'EG', 'EGY', 818, 'Africa'); 
INSERT dbCountry (Id, CountryName, ISO31662, ISO31663, ISO3166Num, Region) VALUES (67, 'El Salvador', 'SV', 'SLV', 222, 'Americas'); 
INSERT dbCountry (Id, CountryName, ISO31662, ISO31663, ISO3166Num, Region) VALUES (68, 'Equatorial Guinea', 'GQ', 'GNQ', 226, 'Africa'); 
INSERT dbCountry (Id, CountryName, ISO31662, ISO31663, ISO3166Num, Region) VALUES (69, 'Eritrea', 'ER', 'ERI', 232, 'Africa'); 
INSERT dbCountry (Id, CountryName, ISO31662, ISO31663, ISO3166Num, Region) VALUES (70, 'Estonia', 'EE', 'EST', 233, 'Europe'); 
INSERT dbCountry (Id, CountryName, ISO31662, ISO31663, ISO3166Num, Region) VALUES (71, 'Eswatini', 'SZ', 'SWZ', 748, 'Africa'); 
INSERT dbCountry (Id, CountryName, ISO31662, ISO31663, ISO3166Num, Region) VALUES (72, 'Ethiopia', 'ET', 'ETH', 231, 'Africa'); 
INSERT dbCountry (Id, CountryName, ISO31662, ISO31663, ISO3166Num, Region) VALUES (73, 'Falkland Islands (Malvinas)', 'FK', 'FLK', 238, 'Americas'); 
INSERT dbCountry (Id, CountryName, ISO31662, ISO31663, ISO3166Num, Region) VALUES (74, 'Faroe Islands', 'FO', 'FRO', 234, 'Europe'); 
INSERT dbCountry (Id, CountryName, ISO31662, ISO31663, ISO3166Num, Region) VALUES (75, 'Fiji', 'FJ', 'FJI', 242, 'Oceania'); 
INSERT dbCountry (Id, CountryName, ISO31662, ISO31663, ISO3166Num, Region) VALUES (76, 'Finland', 'FI', 'FIN', 246, 'Europe'); 
INSERT dbCountry (Id, CountryName, ISO31662, ISO31663, ISO3166Num, Region) VALUES (77, 'France', 'FR', 'FRA', 250, 'Europe'); 
INSERT dbCountry (Id, CountryName, ISO31662, ISO31663, ISO3166Num, Region) VALUES (78, 'French Guiana', 'GF', 'GUF', 254, 'Americas'); 
INSERT dbCountry (Id, CountryName, ISO31662, ISO31663, ISO3166Num, Region) VALUES (79, 'French Polynesia', 'PF', 'PYF', 258, 'Oceania'); 
INSERT dbCountry (Id, CountryName, ISO31662, ISO31663, ISO3166Num, Region) VALUES (80, 'French Southern Territories', 'TF', 'ATF', 260, 'Africa'); 
INSERT dbCountry (Id, CountryName, ISO31662, ISO31663, ISO3166Num, Region) VALUES (81, 'Gabon', 'GA', 'GAB', 266, 'Africa'); 
INSERT dbCountry (Id, CountryName, ISO31662, ISO31663, ISO3166Num, Region) VALUES (82, 'Gambia', 'GM', 'GMB', 270, 'Africa'); 
INSERT dbCountry (Id, CountryName, ISO31662, ISO31663, ISO3166Num, Region) VALUES (83, 'Georgia', 'GE', 'GEO', 268, 'Asia'); 
INSERT dbCountry (Id, CountryName, ISO31662, ISO31663, ISO3166Num, Region) VALUES (84, 'Germany', 'DE', 'DEU', 276, 'Europe'); 
INSERT dbCountry (Id, CountryName, ISO31662, ISO31663, ISO3166Num, Region) VALUES (85, 'Ghana', 'GH', 'GHA', 288, 'Africa'); 
INSERT dbCountry (Id, CountryName, ISO31662, ISO31663, ISO3166Num, Region) VALUES (86, 'Gibraltar', 'GI', 'GIB', 292, 'Europe'); 
INSERT dbCountry (Id, CountryName, ISO31662, ISO31663, ISO3166Num, Region) VALUES (87, 'Greece', 'GR', 'GRC', 300, 'Europe'); 
INSERT dbCountry (Id, CountryName, ISO31662, ISO31663, ISO3166Num, Region) VALUES (88, 'Greenland', 'GL', 'GRL', 304, 'Americas'); 
INSERT dbCountry (Id, CountryName, ISO31662, ISO31663, ISO3166Num, Region) VALUES (89, 'Grenada', 'GD', 'GRD', 308, 'Americas'); 
INSERT dbCountry (Id, CountryName, ISO31662, ISO31663, ISO3166Num, Region) VALUES (90, 'Guadeloupe', 'GP', 'GLP', 312, 'Americas'); 
INSERT dbCountry (Id, CountryName, ISO31662, ISO31663, ISO3166Num, Region) VALUES (91, 'Guam', 'GU', 'GUM', 316, 'Oceania'); 
INSERT dbCountry (Id, CountryName, ISO31662, ISO31663, ISO3166Num, Region) VALUES (92, 'Guatemala', 'GT', 'GTM', 320, 'Americas'); 
INSERT dbCountry (Id, CountryName, ISO31662, ISO31663, ISO3166Num, Region) VALUES (93, 'Guernsey', 'GG', 'GGY', 831, 'Europe'); 
INSERT dbCountry (Id, CountryName, ISO31662, ISO31663, ISO3166Num, Region) VALUES (94, 'Guinea', 'GN', 'GIN', 324, 'Africa'); 
INSERT dbCountry (Id, CountryName, ISO31662, ISO31663, ISO3166Num, Region) VALUES (95, 'Guinea-Bissau', 'GW', 'GNB', 624, 'Africa'); 
INSERT dbCountry (Id, CountryName, ISO31662, ISO31663, ISO3166Num, Region) VALUES (96, 'Guyana', 'GY', 'GUY', 328, 'Americas'); 
INSERT dbCountry (Id, CountryName, ISO31662, ISO31663, ISO3166Num, Region) VALUES (97, 'Haiti', 'HT', 'HTI', 332, 'Americas'); 
INSERT dbCountry (Id, CountryName, ISO31662, ISO31663, ISO3166Num, Region) VALUES (98, 'Heard Island and McDonald Islands', 'HM', 'HMD', 334, 'Oceania'); 
INSERT dbCountry (Id, CountryName, ISO31662, ISO31663, ISO3166Num, Region) VALUES (99, 'Holy See', 'VA', 'VAT', 336, 'Europe'); 
INSERT dbCountry (Id, CountryName, ISO31662, ISO31663, ISO3166Num, Region) VALUES (100, 'Honduras', 'HN', 'HND', 340, 'Americas'); 
INSERT dbCountry (Id, CountryName, ISO31662, ISO31663, ISO3166Num, Region) VALUES (101, 'Hong Kong', 'HK', 'HKG', 344, 'Asia'); 
INSERT dbCountry (Id, CountryName, ISO31662, ISO31663, ISO3166Num, Region) VALUES (102, 'Hungary', 'HU', 'HUN', 348, 'Europe'); 
INSERT dbCountry (Id, CountryName, ISO31662, ISO31663, ISO3166Num, Region) VALUES (103, 'Iceland', 'IS', 'ISL', 352, 'Europe'); 
INSERT dbCountry (Id, CountryName, ISO31662, ISO31663, ISO3166Num, Region) VALUES (104, 'India', 'IN', 'IND', 356, 'Asia'); 
INSERT dbCountry (Id, CountryName, ISO31662, ISO31663, ISO3166Num, Region) VALUES (105, 'Indonesia', 'ID', 'IDN', 360, 'Asia'); 
INSERT dbCountry (Id, CountryName, ISO31662, ISO31663, ISO3166Num, Region) VALUES (106, 'Iran (Islamic Republic of)', 'IR', 'IRN', 364, 'Asia'); 
INSERT dbCountry (Id, CountryName, ISO31662, ISO31663, ISO3166Num, Region) VALUES (107, 'Iraq', 'IQ', 'IRQ', 368, 'Asia'); 
INSERT dbCountry (Id, CountryName, ISO31662, ISO31663, ISO3166Num, Region) VALUES (108, 'Ireland', 'IE', 'IRL', 372, 'Europe'); 
INSERT dbCountry (Id, CountryName, ISO31662, ISO31663, ISO3166Num, Region) VALUES (109, 'Isle of Man', 'IM', 'IMN', 833, 'Europe'); 
INSERT dbCountry (Id, CountryName, ISO31662, ISO31663, ISO3166Num, Region) VALUES (110, 'Israel', 'IL', 'ISR', 376, 'Asia'); 
INSERT dbCountry (Id, CountryName, ISO31662, ISO31663, ISO3166Num, Region) VALUES (111, 'Italy', 'IT', 'ITA', 380, 'Europe'); 
INSERT dbCountry (Id, CountryName, ISO31662, ISO31663, ISO3166Num, Region) VALUES (112, 'Jamaica', 'JM', 'JAM', 388, 'Americas'); 
INSERT dbCountry (Id, CountryName, ISO31662, ISO31663, ISO3166Num, Region) VALUES (113, 'Japan', 'JP', 'JPN', 392, 'Asia'); 
INSERT dbCountry (Id, CountryName, ISO31662, ISO31663, ISO3166Num, Region) VALUES (114, 'Jersey', 'JE', 'JEY', 832, 'Europe'); 
INSERT dbCountry (Id, CountryName, ISO31662, ISO31663, ISO3166Num, Region) VALUES (115, 'Jordan', 'JO', 'JOR', 400, 'Asia'); 
INSERT dbCountry (Id, CountryName, ISO31662, ISO31663, ISO3166Num, Region) VALUES (116, 'Kazakhstan', 'KZ', 'KAZ', 398, 'Asia'); 
INSERT dbCountry (Id, CountryName, ISO31662, ISO31663, ISO3166Num, Region) VALUES (117, 'Kenya', 'KE', 'KEN', 404, 'Africa'); 
INSERT dbCountry (Id, CountryName, ISO31662, ISO31663, ISO3166Num, Region) VALUES (118, 'Kiribati', 'KI', 'KIR', 296, 'Oceania'); 
INSERT dbCountry (Id, CountryName, ISO31662, ISO31663, ISO3166Num, Region) VALUES (119, 'Korea (Democratic People''s Republic of)', 'KP', 'PRK', 408, 'Asia'); 
INSERT dbCountry (Id, CountryName, ISO31662, ISO31663, ISO3166Num, Region) VALUES (120, 'Korea, Republic of', 'KR', 'KOR', 410, 'Asia'); 
INSERT dbCountry (Id, CountryName, ISO31662, ISO31663, ISO3166Num, Region) VALUES (121, 'Kuwait', 'KW', 'KWT', 414, 'Asia'); 
INSERT dbCountry (Id, CountryName, ISO31662, ISO31663, ISO3166Num, Region) VALUES (122, 'Kyrgyzstan', 'KG', 'KGZ', 417, 'Asia'); 
INSERT dbCountry (Id, CountryName, ISO31662, ISO31663, ISO3166Num, Region) VALUES (123, 'Lao People''s Democratic Republic', 'LA', 'LAO', 418, 'Asia'); 
INSERT dbCountry (Id, CountryName, ISO31662, ISO31663, ISO3166Num, Region) VALUES (124, 'Latvia', 'LV', 'LVA', 428, 'Europe'); 
INSERT dbCountry (Id, CountryName, ISO31662, ISO31663, ISO3166Num, Region) VALUES (125, 'Lebanon', 'LB', 'LBN', 422, 'Asia'); 
INSERT dbCountry (Id, CountryName, ISO31662, ISO31663, ISO3166Num, Region) VALUES (126, 'Lesotho', 'LS', 'LSO', 426, 'Africa'); 
INSERT dbCountry (Id, CountryName, ISO31662, ISO31663, ISO3166Num, Region) VALUES (127, 'Liberia', 'LR', 'LBR', 430, 'Africa'); 
INSERT dbCountry (Id, CountryName, ISO31662, ISO31663, ISO3166Num, Region) VALUES (128, 'Libya', 'LY', 'LBY', 434, 'Africa'); 
INSERT dbCountry (Id, CountryName, ISO31662, ISO31663, ISO3166Num, Region) VALUES (129, 'Liechtenstein', 'LI', 'LIE', 438, 'Europe'); 
INSERT dbCountry (Id, CountryName, ISO31662, ISO31663, ISO3166Num, Region) VALUES (130, 'Lithuania', 'LT', 'LTU', 440, 'Europe'); 
INSERT dbCountry (Id, CountryName, ISO31662, ISO31663, ISO3166Num, Region) VALUES (131, 'Luxembourg', 'LU', 'LUX', 442, 'Europe'); 
INSERT dbCountry (Id, CountryName, ISO31662, ISO31663, ISO3166Num, Region) VALUES (132, 'Macao', 'MO', 'MAC', 446, 'Asia'); 
INSERT dbCountry (Id, CountryName, ISO31662, ISO31663, ISO3166Num, Region) VALUES (133, 'Madagascar', 'MG', 'MDG', 450, 'Africa'); 
INSERT dbCountry (Id, CountryName, ISO31662, ISO31663, ISO3166Num, Region) VALUES (134, 'Malawi', 'MW', 'MWI', 454, 'Africa'); 
INSERT dbCountry (Id, CountryName, ISO31662, ISO31663, ISO3166Num, Region) VALUES (135, 'Malaysia', 'MY', 'MYS', 458, 'Asia'); 
INSERT dbCountry (Id, CountryName, ISO31662, ISO31663, ISO3166Num, Region) VALUES (136, 'Maldives', 'MV', 'MDV', 462, 'Asia'); 
INSERT dbCountry (Id, CountryName, ISO31662, ISO31663, ISO3166Num, Region) VALUES (137, 'Mali', 'ML', 'MLI', 466, 'Africa'); 
INSERT dbCountry (Id, CountryName, ISO31662, ISO31663, ISO3166Num, Region) VALUES (138, 'Malta', 'MT', 'MLT', 470, 'Europe'); 
INSERT dbCountry (Id, CountryName, ISO31662, ISO31663, ISO3166Num, Region) VALUES (139, 'Marshall Islands', 'MH', 'MHL', 584, 'Oceania'); 
INSERT dbCountry (Id, CountryName, ISO31662, ISO31663, ISO3166Num, Region) VALUES (140, 'Martinique', 'MQ', 'MTQ', 474, 'Americas'); 
INSERT dbCountry (Id, CountryName, ISO31662, ISO31663, ISO3166Num, Region) VALUES (141, 'Mauritania', 'MR', 'MRT', 478, 'Africa'); 
INSERT dbCountry (Id, CountryName, ISO31662, ISO31663, ISO3166Num, Region) VALUES (142, 'Mauritius', 'MU', 'MUS', 480, 'Africa'); 
INSERT dbCountry (Id, CountryName, ISO31662, ISO31663, ISO3166Num, Region) VALUES (143, 'Mayotte', 'YT', 'MYT', 175, 'Africa'); 
INSERT dbCountry (Id, CountryName, ISO31662, ISO31663, ISO3166Num, Region) VALUES (144, 'Mexico', 'MX', 'MEX', 484, 'Americas'); 
INSERT dbCountry (Id, CountryName, ISO31662, ISO31663, ISO3166Num, Region) VALUES (145, 'Micronesia (Federated States of)', 'FM', 'FSM', 583, 'Oceania'); 
INSERT dbCountry (Id, CountryName, ISO31662, ISO31663, ISO3166Num, Region) VALUES (146, 'Moldova, Republic of', 'MD', 'MDA', 498, 'Europe'); 
INSERT dbCountry (Id, CountryName, ISO31662, ISO31663, ISO3166Num, Region) VALUES (147, 'Monaco', 'MC', 'MCO', 492, 'Europe'); 
INSERT dbCountry (Id, CountryName, ISO31662, ISO31663, ISO3166Num, Region) VALUES (148, 'Mongolia', 'MN', 'MNG', 496, 'Asia'); 
INSERT dbCountry (Id, CountryName, ISO31662, ISO31663, ISO3166Num, Region) VALUES (149, 'Montenegro', 'ME', 'MNE', 499, 'Europe'); 
INSERT dbCountry (Id, CountryName, ISO31662, ISO31663, ISO3166Num, Region) VALUES (150, 'Montserrat', 'MS', 'MSR', 500, 'Americas'); 
INSERT dbCountry (Id, CountryName, ISO31662, ISO31663, ISO3166Num, Region) VALUES (151, 'Morocco', 'MA', 'MAR', 504, 'Africa'); 
INSERT dbCountry (Id, CountryName, ISO31662, ISO31663, ISO3166Num, Region) VALUES (152, 'Mozambique', 'MZ', 'MOZ', 508, 'Africa'); 
INSERT dbCountry (Id, CountryName, ISO31662, ISO31663, ISO3166Num, Region) VALUES (153, 'Myanmar', 'MM', 'MMR', 104, 'Asia'); 
INSERT dbCountry (Id, CountryName, ISO31662, ISO31663, ISO3166Num, Region) VALUES (154, 'Namibia', 'NA', 'NAM', 516, 'Africa'); 
INSERT dbCountry (Id, CountryName, ISO31662, ISO31663, ISO3166Num, Region) VALUES (155, 'Nauru', 'NR', 'NRU', 520, 'Oceania'); 
INSERT dbCountry (Id, CountryName, ISO31662, ISO31663, ISO3166Num, Region) VALUES (156, 'Nepal', 'NP', 'NPL', 524, 'Asia'); 
INSERT dbCountry (Id, CountryName, ISO31662, ISO31663, ISO3166Num, Region) VALUES (157, 'Netherlands', 'NL', 'NLD', 528, 'Europe'); 
INSERT dbCountry (Id, CountryName, ISO31662, ISO31663, ISO3166Num, Region) VALUES (158, 'New Caledonia', 'NC', 'NCL', 540, 'Oceania'); 
INSERT dbCountry (Id, CountryName, ISO31662, ISO31663, ISO3166Num, Region) VALUES (159, 'New Zealand', 'NZ', 'NZL', 554, 'Oceania'); 
INSERT dbCountry (Id, CountryName, ISO31662, ISO31663, ISO3166Num, Region) VALUES (160, 'Nicaragua', 'NI', 'NIC', 558, 'Americas'); 
INSERT dbCountry (Id, CountryName, ISO31662, ISO31663, ISO3166Num, Region) VALUES (161, 'Niger', 'NE', 'NER', 562, 'Africa'); 
INSERT dbCountry (Id, CountryName, ISO31662, ISO31663, ISO3166Num, Region) VALUES (162, 'Nigeria', 'NG', 'NGA', 566, 'Africa'); 
INSERT dbCountry (Id, CountryName, ISO31662, ISO31663, ISO3166Num, Region) VALUES (163, 'Niue', 'NU', 'NIU', 570, 'Oceania'); 
INSERT dbCountry (Id, CountryName, ISO31662, ISO31663, ISO3166Num, Region) VALUES (164, 'Norfolk Island', 'NF', 'NFK', 574, 'Oceania'); 
INSERT dbCountry (Id, CountryName, ISO31662, ISO31663, ISO3166Num, Region) VALUES (165, 'North Macedonia', 'MK', 'MKD', 807, 'Europe'); 
INSERT dbCountry (Id, CountryName, ISO31662, ISO31663, ISO3166Num, Region) VALUES (166, 'Northern Mariana Islands', 'MP', 'MNP', 580, 'Oceania'); 
INSERT dbCountry (Id, CountryName, ISO31662, ISO31663, ISO3166Num, Region) VALUES (167, 'Norway', 'NO', 'NOR', 578, 'Europe'); 
INSERT dbCountry (Id, CountryName, ISO31662, ISO31663, ISO3166Num, Region) VALUES (168, 'Oman', 'OM', 'OMN', 512, 'Asia'); 
INSERT dbCountry (Id, CountryName, ISO31662, ISO31663, ISO3166Num, Region) VALUES (169, 'Pakistan', 'PK', 'PAK', 586, 'Asia'); 
INSERT dbCountry (Id, CountryName, ISO31662, ISO31663, ISO3166Num, Region) VALUES (170, 'Palau', 'PW', 'PLW', 585, 'Oceania'); 
INSERT dbCountry (Id, CountryName, ISO31662, ISO31663, ISO3166Num, Region) VALUES (171, 'Palestine, State of', 'PS', 'PSE', 275, 'Asia'); 
INSERT dbCountry (Id, CountryName, ISO31662, ISO31663, ISO3166Num, Region) VALUES (172, 'Panama', 'PA', 'PAN', 591, 'Americas'); 
INSERT dbCountry (Id, CountryName, ISO31662, ISO31663, ISO3166Num, Region) VALUES (173, 'Papua New Guinea', 'PG', 'PNG', 598, 'Oceania'); 
INSERT dbCountry (Id, CountryName, ISO31662, ISO31663, ISO3166Num, Region) VALUES (174, 'Paraguay', 'PY', 'PRY', 600, 'Americas'); 
INSERT dbCountry (Id, CountryName, ISO31662, ISO31663, ISO3166Num, Region) VALUES (175, 'Peru', 'PE', 'PER', 604, 'Americas'); 
INSERT dbCountry (Id, CountryName, ISO31662, ISO31663, ISO3166Num, Region) VALUES (176, 'Philippines', 'PH', 'PHL', 608, 'Asia'); 
INSERT dbCountry (Id, CountryName, ISO31662, ISO31663, ISO3166Num, Region) VALUES (177, 'Pitcairn', 'PN', 'PCN', 612, 'Oceania'); 
INSERT dbCountry (Id, CountryName, ISO31662, ISO31663, ISO3166Num, Region) VALUES (178, 'Poland', 'PL', 'POL', 616, 'Europe'); 
INSERT dbCountry (Id, CountryName, ISO31662, ISO31663, ISO3166Num, Region) VALUES (179, 'Portugal', 'PT', 'PRT', 620, 'Europe'); 
INSERT dbCountry (Id, CountryName, ISO31662, ISO31663, ISO3166Num, Region) VALUES (180, 'Puerto Rico', 'PR', 'PRI', 630, 'Americas'); 
INSERT dbCountry (Id, CountryName, ISO31662, ISO31663, ISO3166Num, Region) VALUES (181, 'Qatar', 'QA', 'QAT', 634, 'Asia'); 
INSERT dbCountry (Id, CountryName, ISO31662, ISO31663, ISO3166Num, Region) VALUES (182, 'Réunion', 'RE', 'REU', 638, 'Africa'); 
INSERT dbCountry (Id, CountryName, ISO31662, ISO31663, ISO3166Num, Region) VALUES (183, 'Romania', 'RO', 'ROU', 642, 'Europe'); 
INSERT dbCountry (Id, CountryName, ISO31662, ISO31663, ISO3166Num, Region) VALUES (184, 'Russian Federation', 'RU', 'RUS', 643, 'Europe'); 
INSERT dbCountry (Id, CountryName, ISO31662, ISO31663, ISO3166Num, Region) VALUES (185, 'Rwanda', 'RW', 'RWA', 646, 'Africa'); 
INSERT dbCountry (Id, CountryName, ISO31662, ISO31663, ISO3166Num, Region) VALUES (186, 'Saint Barthélemy', 'BL', 'BLM', 652, 'Americas'); 
INSERT dbCountry (Id, CountryName, ISO31662, ISO31663, ISO3166Num, Region) VALUES (187, 'Saint Helena, Ascension and Tristan da Cunha', 'SH', 'SHN', 654, 'Africa'); 
INSERT dbCountry (Id, CountryName, ISO31662, ISO31663, ISO3166Num, Region) VALUES (188, 'Saint Kitts and Nevis', 'KN', 'KNA', 659, 'Americas'); 
INSERT dbCountry (Id, CountryName, ISO31662, ISO31663, ISO3166Num, Region) VALUES (189, 'Saint Lucia', 'LC', 'LCA', 662, 'Americas'); 
INSERT dbCountry (Id, CountryName, ISO31662, ISO31663, ISO3166Num, Region) VALUES (190, 'Saint Martin (French part)', 'MF', 'MAF', 663, 'Americas'); 
INSERT dbCountry (Id, CountryName, ISO31662, ISO31663, ISO3166Num, Region) VALUES (191, 'Saint Pierre and Miquelon', 'PM', 'SPM', 666, 'Americas'); 
INSERT dbCountry (Id, CountryName, ISO31662, ISO31663, ISO3166Num, Region) VALUES (192, 'Saint Vincent and the Grenadines', 'VC', 'VCT', 670, 'Americas'); 
INSERT dbCountry (Id, CountryName, ISO31662, ISO31663, ISO3166Num, Region) VALUES (193, 'Samoa', 'WS', 'WSM', 882, 'Oceania'); 
INSERT dbCountry (Id, CountryName, ISO31662, ISO31663, ISO3166Num, Region) VALUES (194, 'San Marino', 'SM', 'SMR', 674, 'Europe'); 
INSERT dbCountry (Id, CountryName, ISO31662, ISO31663, ISO3166Num, Region) VALUES (195, 'Sao Tome and Principe', 'ST', 'STP', 678, 'Africa'); 
INSERT dbCountry (Id, CountryName, ISO31662, ISO31663, ISO3166Num, Region) VALUES (196, 'Saudi Arabia', 'SA', 'SAU', 682, 'Asia'); 
INSERT dbCountry (Id, CountryName, ISO31662, ISO31663, ISO3166Num, Region) VALUES (197, 'Senegal', 'SN', 'SEN', 686, 'Africa'); 
INSERT dbCountry (Id, CountryName, ISO31662, ISO31663, ISO3166Num, Region) VALUES (198, 'Serbia', 'RS', 'SRB', 688, 'Europe'); 
INSERT dbCountry (Id, CountryName, ISO31662, ISO31663, ISO3166Num, Region) VALUES (199, 'Seychelles', 'SC', 'SYC', 690, 'Africa'); 
INSERT dbCountry (Id, CountryName, ISO31662, ISO31663, ISO3166Num, Region) VALUES (200, 'Sierra Leone', 'SL', 'SLE', 694, 'Africa'); 
INSERT dbCountry (Id, CountryName, ISO31662, ISO31663, ISO3166Num, Region) VALUES (201, 'Singapore', 'SG', 'SGP', 702, 'Asia'); 
INSERT dbCountry (Id, CountryName, ISO31662, ISO31663, ISO3166Num, Region) VALUES (202, 'Sint Maarten (Dutch part)', 'SX', 'SXM', 534, 'Americas'); 
INSERT dbCountry (Id, CountryName, ISO31662, ISO31663, ISO3166Num, Region) VALUES (203, 'Slovakia', 'SK', 'SVK', 703, 'Europe'); 
INSERT dbCountry (Id, CountryName, ISO31662, ISO31663, ISO3166Num, Region) VALUES (204, 'Slovenia', 'SI', 'SVN', 705, 'Europe'); 
INSERT dbCountry (Id, CountryName, ISO31662, ISO31663, ISO3166Num, Region) VALUES (205, 'Solomon Islands', 'SB', 'SLB', 90, 'Oceania'); 
INSERT dbCountry (Id, CountryName, ISO31662, ISO31663, ISO3166Num, Region) VALUES (206, 'Somalia', 'SO', 'SOM', 706, 'Africa'); 
INSERT dbCountry (Id, CountryName, ISO31662, ISO31663, ISO3166Num, Region) VALUES (207, 'South Africa', 'ZA', 'ZAF', 710, 'Africa'); 
INSERT dbCountry (Id, CountryName, ISO31662, ISO31663, ISO3166Num, Region) VALUES (208, 'South Georgia and the South Sandwich Islands', 'GS', 'SGS', 239, 'Americas'); 
INSERT dbCountry (Id, CountryName, ISO31662, ISO31663, ISO3166Num, Region) VALUES (209, 'South Sudan', 'SS', 'SSD', 728, 'Africa'); 
INSERT dbCountry (Id, CountryName, ISO31662, ISO31663, ISO3166Num, Region) VALUES (210, 'Spain', 'ES', 'ESP', 724, 'Europe'); 
INSERT dbCountry (Id, CountryName, ISO31662, ISO31663, ISO3166Num, Region) VALUES (211, 'Sri Lanka', 'LK', 'LKA', 144, 'Asia'); 
INSERT dbCountry (Id, CountryName, ISO31662, ISO31663, ISO3166Num, Region) VALUES (212, 'Sudan', 'SD', 'SDN', 729, 'Africa'); 
INSERT dbCountry (Id, CountryName, ISO31662, ISO31663, ISO3166Num, Region) VALUES (213, 'Suriname', 'SR', 'SUR', 740, 'Americas'); 
INSERT dbCountry (Id, CountryName, ISO31662, ISO31663, ISO3166Num, Region) VALUES (214, 'Svalbard and Jan Mayen', 'SJ', 'SJM', 744, 'Europe'); 
INSERT dbCountry (Id, CountryName, ISO31662, ISO31663, ISO3166Num, Region) VALUES (215, 'Sweden', 'SE', 'SWE', 752, 'Europe'); 
INSERT dbCountry (Id, CountryName, ISO31662, ISO31663, ISO3166Num, Region) VALUES (216, 'Switzerland', 'CH', 'CHE', 756, 'Europe'); 
INSERT dbCountry (Id, CountryName, ISO31662, ISO31663, ISO3166Num, Region) VALUES (217, 'Syrian Arab Republic', 'SY', 'SYR', 760, 'Asia'); 
INSERT dbCountry (Id, CountryName, ISO31662, ISO31663, ISO3166Num, Region) VALUES (218, 'Taiwan, Province of China', 'TW', 'TWN', 158, 'Asia'); 
INSERT dbCountry (Id, CountryName, ISO31662, ISO31663, ISO3166Num, Region) VALUES (219, 'Tajikistan', 'TJ', 'TJK', 762, 'Asia'); 
INSERT dbCountry (Id, CountryName, ISO31662, ISO31663, ISO3166Num, Region) VALUES (220, 'Tanzania, United Republic of', 'TZ', 'TZA', 834, 'Africa'); 
INSERT dbCountry (Id, CountryName, ISO31662, ISO31663, ISO3166Num, Region) VALUES (221, 'Thailand', 'TH', 'THA', 764, 'Asia'); 
INSERT dbCountry (Id, CountryName, ISO31662, ISO31663, ISO3166Num, Region) VALUES (222, 'Timor-Leste', 'TL', 'TLS', 626, 'Asia'); 
INSERT dbCountry (Id, CountryName, ISO31662, ISO31663, ISO3166Num, Region) VALUES (223, 'Togo', 'TG', 'TGO', 768, 'Africa'); 
INSERT dbCountry (Id, CountryName, ISO31662, ISO31663, ISO3166Num, Region) VALUES (224, 'Tokelau', 'TK', 'TKL', 772, 'Oceania'); 
INSERT dbCountry (Id, CountryName, ISO31662, ISO31663, ISO3166Num, Region) VALUES (225, 'Tonga', 'TO', 'TON', 776, 'Oceania'); 
INSERT dbCountry (Id, CountryName, ISO31662, ISO31663, ISO3166Num, Region) VALUES (226, 'Trinidad and Tobago', 'TT', 'TTO', 780, 'Americas'); 
INSERT dbCountry (Id, CountryName, ISO31662, ISO31663, ISO3166Num, Region) VALUES (227, 'Tunisia', 'TN', 'TUN', 788, 'Africa'); 
INSERT dbCountry (Id, CountryName, ISO31662, ISO31663, ISO3166Num, Region) VALUES (228, 'Turkey', 'TR', 'TUR', 792, 'Asia'); 
INSERT dbCountry (Id, CountryName, ISO31662, ISO31663, ISO3166Num, Region) VALUES (229, 'Turkmenistan', 'TM', 'TKM', 795, 'Asia'); 
INSERT dbCountry (Id, CountryName, ISO31662, ISO31663, ISO3166Num, Region) VALUES (230, 'Turks and Caicos Islands', 'TC', 'TCA', 796, 'Americas'); 
INSERT dbCountry (Id, CountryName, ISO31662, ISO31663, ISO3166Num, Region) VALUES (231, 'Tuvalu', 'TV', 'TUV', 798, 'Oceania'); 
INSERT dbCountry (Id, CountryName, ISO31662, ISO31663, ISO3166Num, Region) VALUES (232, 'Uganda', 'UG', 'UGA', 800, 'Africa'); 
INSERT dbCountry (Id, CountryName, ISO31662, ISO31663, ISO3166Num, Region) VALUES (233, 'Ukraine', 'UA', 'UKR', 804, 'Europe'); 
INSERT dbCountry (Id, CountryName, ISO31662, ISO31663, ISO3166Num, Region) VALUES (234, 'United Arab Emirates', 'AE', 'ARE', 784, 'Asia'); 
INSERT dbCountry (Id, CountryName, ISO31662, ISO31663, ISO3166Num, Region) VALUES (235, 'United Kingdom of Great Britain and Northern Ireland', 'GB', 'GBR', 826, 'Europe'); 
INSERT dbCountry (Id, CountryName, ISO31662, ISO31663, ISO3166Num, Region) VALUES (236, 'United States of America', 'US', 'USA', 840, 'Americas'); 
INSERT dbCountry (Id, CountryName, ISO31662, ISO31663, ISO3166Num, Region) VALUES (237, 'United States Minor Outlying Islands', 'UM', 'UMI', 581, 'Oceania'); 
INSERT dbCountry (Id, CountryName, ISO31662, ISO31663, ISO3166Num, Region) VALUES (238, 'Uruguay', 'UY', 'URY', 858, 'Americas'); 
INSERT dbCountry (Id, CountryName, ISO31662, ISO31663, ISO3166Num, Region) VALUES (239, 'Uzbekistan', 'UZ', 'UZB', 860, 'Asia'); 
INSERT dbCountry (Id, CountryName, ISO31662, ISO31663, ISO3166Num, Region) VALUES (240, 'Vanuatu', 'VU', 'VUT', 548, 'Oceania'); 
INSERT dbCountry (Id, CountryName, ISO31662, ISO31663, ISO3166Num, Region) VALUES (241, 'Venezuela (Bolivarian Republic of)', 'VE', 'VEN', 862, 'Americas'); 
INSERT dbCountry (Id, CountryName, ISO31662, ISO31663, ISO3166Num, Region) VALUES (242, 'Viet Nam', 'VN', 'VNM', 704, 'Asia'); 
INSERT dbCountry (Id, CountryName, ISO31662, ISO31663, ISO3166Num, Region) VALUES (243, 'Virgin Islands (British)', 'VG', 'VGB', 92, 'Americas'); 
INSERT dbCountry (Id, CountryName, ISO31662, ISO31663, ISO3166Num, Region) VALUES (244, 'Virgin Islands (U.S.)', 'VI', 'VIR', 850, 'Americas'); 
INSERT dbCountry (Id, CountryName, ISO31662, ISO31663, ISO3166Num, Region) VALUES (245, 'Wallis and Futuna', 'WF', 'WLF', 876, 'Oceania'); 
INSERT dbCountry (Id, CountryName, ISO31662, ISO31663, ISO3166Num, Region) VALUES (246, 'Western Sahara', 'EH', 'ESH', 732, 'Africa'); 
INSERT dbCountry (Id, CountryName, ISO31662, ISO31663, ISO3166Num, Region) VALUES (247, 'Yemen', 'YE', 'YEM', 887, 'Asia'); 
INSERT dbCountry (Id, CountryName, ISO31662, ISO31663, ISO3166Num, Region) VALUES (248, 'Zambia', 'ZM', 'ZMB', 894, 'Africa'); 
INSERT dbCountry (Id, CountryName, ISO31662, ISO31663, ISO3166Num, Region) VALUES (249, 'Zimbabwe', 'ZW', 'ZWE', 716, 'Africa'); 

SET IDENTITY_INSERT dbCountry OFF

SET IDENTITY_INSERT dbProcessTemplateStepFieldStatus ON

INSERT dbProcessTemplateStepFieldStatus (Id, StatusName) VALUES (1, 'Hide'); 
INSERT dbProcessTemplateStepFieldStatus (Id, StatusName) VALUES (2, 'Disabled'); 
INSERT dbProcessTemplateStepFieldStatus (Id, StatusName) VALUES (3, 'Editable'); 
INSERT dbProcessTemplateStepFieldStatus (Id, StatusName) VALUES (4, 'Mandatory'); 

SET IDENTITY_INSERT dbProcessTemplateStepFieldStatus OFF
SET IDENTITY_INSERT dbProcessTemplateFlowConditionType ON

INSERT dbProcessTemplateFlowConditionType (Id, ConditionTypeName, CreatedDate, ModifiedDate) VALUES (1, 'Field', getdate(), getdate()); 
INSERT dbProcessTemplateFlowConditionType (Id, ConditionTypeName, CreatedDate, ModifiedDate) VALUES (2, 'Creator', getdate(), getdate()); 
INSERT dbProcessTemplateFlowConditionType (Id, ConditionTypeName, CreatedDate, ModifiedDate) VALUES (3, 'Security level creator', getdate(), getdate()); 
INSERT dbProcessTemplateFlowConditionType (Id, ConditionTypeName, CreatedDate, ModifiedDate) VALUES (4, 'Role creator', getdate(), getdate()); 
INSERT dbProcessTemplateFlowConditionType (Id, ConditionTypeName, CreatedDate, ModifiedDate) VALUES (5, 'Manager creator', getdate(), getdate()); 
INSERT dbProcessTemplateFlowConditionType (Id, ConditionTypeName, CreatedDate, ModifiedDate) VALUES (6, 'Organization creator', getdate(), getdate()); 
INSERT dbProcessTemplateFlowConditionType (Id, ConditionTypeName, CreatedDate, ModifiedDate) VALUES (7, 'Field - Project parent', getdate(), getdate()); 
INSERT dbProcessTemplateFlowConditionType (Id, ConditionTypeName, CreatedDate, ModifiedDate) VALUES (8, 'Field - Organization parent', getdate(), getdate()); 

SET IDENTITY_INSERT dbProcessTemplateFlowConditionType OFF

SET IDENTITY_INSERT dbUIScreen ON;
INSERT INTO dbUIScreen (Id, Controller,Action) VALUES(1, 'Classification', 'Create');
INSERT INTO dbUIScreen (Id, Controller,Action) VALUES(2, 'Classification', 'Delete');
INSERT INTO dbUIScreen (Id, Controller,Action) VALUES(3, 'Classification', 'Edit');
INSERT INTO dbUIScreen (Id, Controller,Action) VALUES(4, 'Classification', 'Index');
INSERT INTO dbUIScreen (Id, Controller,Action) VALUES(5, 'Classification', 'LanguageCreate');
INSERT INTO dbUIScreen (Id, Controller,Action) VALUES(6, 'Classification', 'LanguageDelete');
INSERT INTO dbUIScreen (Id, Controller,Action) VALUES(7, 'Classification', 'LanguageEdit');
INSERT INTO dbUIScreen (Id, Controller,Action) VALUES(8, 'Classification', 'LanguageIndex');
INSERT INTO dbUIScreen (Id, Controller,Action) VALUES(9, 'ClassificationLevel', 'Create');
INSERT INTO dbUIScreen (Id, Controller,Action) VALUES(10, 'ClassificationLevel', 'Delete');
INSERT INTO dbUIScreen (Id, Controller,Action) VALUES(11, 'ClassificationLevel', 'Edit');
INSERT INTO dbUIScreen (Id, Controller,Action) VALUES(12, 'ClassificationLevel', 'Index');
INSERT INTO dbUIScreen (Id, Controller,Action) VALUES(13, 'ClassificationLevel', 'LanguageCreate');
INSERT INTO dbUIScreen (Id, Controller,Action) VALUES(14, 'ClassificationLevel', 'LanguageDelete');
INSERT INTO dbUIScreen (Id, Controller,Action) VALUES(15, 'ClassificationLevel', 'LanguageEdit');
INSERT INTO dbUIScreen (Id, Controller,Action) VALUES(16, 'ClassificationLevel', 'LanguageIndex');
INSERT INTO dbUIScreen (Id, Controller,Action) VALUES(17, 'ClassificationValue', 'Create');
INSERT INTO dbUIScreen (Id, Controller,Action) VALUES(18, 'ClassificationValue', 'Delete');
INSERT INTO dbUIScreen (Id, Controller,Action) VALUES(19, 'ClassificationValue', 'Edit');
INSERT INTO dbUIScreen (Id, Controller,Action) VALUES(20, 'ClassificationValue', 'Index');
INSERT INTO dbUIScreen (Id, Controller,Action) VALUES(21, 'ClassificationValue', 'LanguageCreate');
INSERT INTO dbUIScreen (Id, Controller,Action) VALUES(22, 'ClassificationValue', 'LanguageDelete');
INSERT INTO dbUIScreen (Id, Controller,Action) VALUES(23, 'ClassificationValue', 'LanguageEdit');
INSERT INTO dbUIScreen (Id, Controller,Action) VALUES(24, 'ClassificationValue', 'LanguageIndex');
INSERT INTO dbUIScreen (Id, Controller,Action) VALUES(25, 'Content', 'Create');
INSERT INTO dbUIScreen (Id, Controller,Action) VALUES(26, 'ContentType', 'Create');
INSERT INTO dbUIScreen (Id, Controller,Action) VALUES(27, 'ContentType', 'Delete');
INSERT INTO dbUIScreen (Id, Controller,Action) VALUES(28, 'ContentType', 'Edit');
INSERT INTO dbUIScreen (Id, Controller,Action) VALUES(29, 'ContentType', 'Index');
INSERT INTO dbUIScreen (Id, Controller,Action) VALUES(30, 'ContentType', 'LanguageCreate');
INSERT INTO dbUIScreen (Id, Controller,Action) VALUES(31, 'ContentType', 'LanguageDelete');
INSERT INTO dbUIScreen (Id, Controller,Action) VALUES(32, 'ContentType', 'LanguageEdit');
INSERT INTO dbUIScreen (Id, Controller,Action) VALUES(33, 'ContentType', 'LanguageIndex');
INSERT INTO dbUIScreen (Id, Controller,Action) VALUES(34, 'Home', 'Index');
INSERT INTO dbUIScreen (Id, Controller,Action) VALUES(35, 'Home', 'Privacy');
INSERT INTO dbUIScreen (Id, Controller,Action) VALUES(36, 'Language', 'Edit');
INSERT INTO dbUIScreen (Id, Controller,Action) VALUES(37, 'Language', 'Index');
INSERT INTO dbUIScreen (Id, Controller,Action) VALUES(38, 'Organization', 'Create');
INSERT INTO dbUIScreen (Id, Controller,Action) VALUES(39, 'Organization', 'Delete');
INSERT INTO dbUIScreen (Id, Controller,Action) VALUES(40, 'Organization', 'Edit');
INSERT INTO dbUIScreen (Id, Controller,Action) VALUES(41, 'Organization', 'Index');
INSERT INTO dbUIScreen (Id, Controller,Action) VALUES(42, 'Organization', 'Index2');
INSERT INTO dbUIScreen (Id, Controller,Action) VALUES(43, 'Organization', 'LanguageCreate');
INSERT INTO dbUIScreen (Id, Controller,Action) VALUES(44, 'Organization', 'LanguageDelete');
INSERT INTO dbUIScreen (Id, Controller,Action) VALUES(45, 'Organization', 'LanguageEdit');
INSERT INTO dbUIScreen (Id, Controller,Action) VALUES(46, 'Organization', 'LanguageIndex');
INSERT INTO dbUIScreen (Id, Controller,Action) VALUES(47, 'OrganizationType', 'Create');
INSERT INTO dbUIScreen (Id, Controller,Action) VALUES(48, 'OrganizationType', 'Delete');
INSERT INTO dbUIScreen (Id, Controller,Action) VALUES(49, 'OrganizationType', 'Edit');
INSERT INTO dbUIScreen (Id, Controller,Action) VALUES(50, 'OrganizationType', 'Index');
INSERT INTO dbUIScreen (Id, Controller,Action) VALUES(51, 'OrganizationType', 'LanguageCreate');
INSERT INTO dbUIScreen (Id, Controller,Action) VALUES(52, 'OrganizationType', 'LanguageDelete');
INSERT INTO dbUIScreen (Id, Controller,Action) VALUES(53, 'OrganizationType', 'LanguageEdit');
INSERT INTO dbUIScreen (Id, Controller,Action) VALUES(54, 'OrganizationType', 'LanguageIndex');
INSERT INTO dbUIScreen (Id, Controller,Action) VALUES(55, 'Page', 'Create');
INSERT INTO dbUIScreen (Id, Controller,Action) VALUES(56, 'Page', 'Delete');
INSERT INTO dbUIScreen (Id, Controller,Action) VALUES(57, 'Page', 'Edit');
INSERT INTO dbUIScreen (Id, Controller,Action) VALUES(58, 'Page', 'Index');
INSERT INTO dbUIScreen (Id, Controller,Action) VALUES(59, 'Page', 'LanguageCreate');
INSERT INTO dbUIScreen (Id, Controller,Action) VALUES(60, 'Page', 'LanguageDelete');
INSERT INTO dbUIScreen (Id, Controller,Action) VALUES(61, 'Page', 'LanguageEdit');
INSERT INTO dbUIScreen (Id, Controller,Action) VALUES(62, 'Page', 'LanguageIndex');
INSERT INTO dbUIScreen (Id, Controller,Action) VALUES(63, 'PageSection', 'Create');
INSERT INTO dbUIScreen (Id, Controller,Action) VALUES(64, 'PageSection', 'Delete');
INSERT INTO dbUIScreen (Id, Controller,Action) VALUES(65, 'PageSection', 'Edit');
INSERT INTO dbUIScreen (Id, Controller,Action) VALUES(66, 'PageSection', 'Index');
INSERT INTO dbUIScreen (Id, Controller,Action) VALUES(67, 'PageSection', 'LanguageCreate');
INSERT INTO dbUIScreen (Id, Controller,Action) VALUES(68, 'PageSection', 'LanguageDelete');
INSERT INTO dbUIScreen (Id, Controller,Action) VALUES(69, 'PageSection', 'LanguageEdit');
INSERT INTO dbUIScreen (Id, Controller,Action) VALUES(70, 'PageSection', 'LanguageIndex');
INSERT INTO dbUIScreen (Id, Controller,Action) VALUES(71, 'PageSectionType', 'Create');
INSERT INTO dbUIScreen (Id, Controller,Action) VALUES(72, 'PageSectionType', 'Delete');
INSERT INTO dbUIScreen (Id, Controller,Action) VALUES(73, 'PageSectionType', 'Edit');
INSERT INTO dbUIScreen (Id, Controller,Action) VALUES(74, 'PageSectionType', 'Index');
INSERT INTO dbUIScreen (Id, Controller,Action) VALUES(75, 'PageSectionType', 'LanguageCreate');
INSERT INTO dbUIScreen (Id, Controller,Action) VALUES(76, 'PageSectionType', 'LanguageDelete');
INSERT INTO dbUIScreen (Id, Controller,Action) VALUES(77, 'PageSectionType', 'LanguageEdit');
INSERT INTO dbUIScreen (Id, Controller,Action) VALUES(78, 'PageSectionType', 'LanguageIndex');
INSERT INTO dbUIScreen (Id, Controller,Action) VALUES(79, 'PageType', 'Create');
INSERT INTO dbUIScreen (Id, Controller,Action) VALUES(80, 'PageType', 'Delete');
INSERT INTO dbUIScreen (Id, Controller,Action) VALUES(81, 'PageType', 'Edit');
INSERT INTO dbUIScreen (Id, Controller,Action) VALUES(82, 'PageType', 'Index');
INSERT INTO dbUIScreen (Id, Controller,Action) VALUES(83, 'PageType', 'LanguageCreate');
INSERT INTO dbUIScreen (Id, Controller,Action) VALUES(84, 'PageType', 'LanguageDelete');
INSERT INTO dbUIScreen (Id, Controller,Action) VALUES(85, 'PageType', 'LanguageEdit');
INSERT INTO dbUIScreen (Id, Controller,Action) VALUES(86, 'PageType', 'LanguageIndex');
INSERT INTO dbUIScreen (Id, Controller,Action) VALUES(87, 'PageView', 'Index');
INSERT INTO dbUIScreen (Id, Controller,Action) VALUES(88, 'ProcessTemplate', 'Create');
INSERT INTO dbUIScreen (Id, Controller,Action) VALUES(89, 'ProcessTemplate', 'Delete');
INSERT INTO dbUIScreen (Id, Controller,Action) VALUES(90, 'ProcessTemplate', 'Edit');
INSERT INTO dbUIScreen (Id, Controller,Action) VALUES(91, 'ProcessTemplate', 'Index');
INSERT INTO dbUIScreen (Id, Controller,Action) VALUES(92, 'ProcessTemplate', 'LanguageCreate');
INSERT INTO dbUIScreen (Id, Controller,Action) VALUES(93, 'ProcessTemplate', 'LanguageDelete');
INSERT INTO dbUIScreen (Id, Controller,Action) VALUES(94, 'ProcessTemplate', 'LanguageEdit');
INSERT INTO dbUIScreen (Id, Controller,Action) VALUES(95, 'ProcessTemplate', 'LanguageIndex');
INSERT INTO dbUIScreen (Id, Controller,Action) VALUES(96, 'ProcessTemplateField', 'Create');
INSERT INTO dbUIScreen (Id, Controller,Action) VALUES(97, 'ProcessTemplateField', 'Delete');
INSERT INTO dbUIScreen (Id, Controller,Action) VALUES(98, 'ProcessTemplateField', 'Edit');
INSERT INTO dbUIScreen (Id, Controller,Action) VALUES(99, 'ProcessTemplateField', 'Index');
INSERT INTO dbUIScreen (Id, Controller,Action) VALUES(100, 'ProcessTemplateField', 'LanguageCreate');
INSERT INTO dbUIScreen (Id, Controller,Action) VALUES(101, 'ProcessTemplateField', 'LanguageDelete');
INSERT INTO dbUIScreen (Id, Controller,Action) VALUES(102, 'ProcessTemplateField', 'LanguageEdit');
INSERT INTO dbUIScreen (Id, Controller,Action) VALUES(103, 'ProcessTemplateField', 'LanguageIndex');
INSERT INTO dbUIScreen (Id, Controller,Action) VALUES(104, 'ProcessTemplateFieldSteps', 'Edit');
INSERT INTO dbUIScreen (Id, Controller,Action) VALUES(105, 'ProcessTemplateFieldSteps', 'Index');
INSERT INTO dbUIScreen (Id, Controller,Action) VALUES(106, 'ProcessTemplateFieldType', 'Create');
INSERT INTO dbUIScreen (Id, Controller,Action) VALUES(107, 'ProcessTemplateFieldType', 'Delete');
INSERT INTO dbUIScreen (Id, Controller,Action) VALUES(108, 'ProcessTemplateFieldType', 'Edit');
INSERT INTO dbUIScreen (Id, Controller,Action) VALUES(109, 'ProcessTemplateFieldType', 'Index');
INSERT INTO dbUIScreen (Id, Controller,Action) VALUES(110, 'ProcessTemplateFieldType', 'LanguageCreate');
INSERT INTO dbUIScreen (Id, Controller,Action) VALUES(111, 'ProcessTemplateFieldType', 'LanguageDelete');
INSERT INTO dbUIScreen (Id, Controller,Action) VALUES(112, 'ProcessTemplateFieldType', 'LanguageEdit');
INSERT INTO dbUIScreen (Id, Controller,Action) VALUES(113, 'ProcessTemplateFieldType', 'LanguageIndex');
INSERT INTO dbUIScreen (Id, Controller,Action) VALUES(114, 'ProcessTemplateFlow', 'Create');
INSERT INTO dbUIScreen (Id, Controller,Action) VALUES(115, 'ProcessTemplateFlow', 'Delete');
INSERT INTO dbUIScreen (Id, Controller,Action) VALUES(116, 'ProcessTemplateFlow', 'Edit');
INSERT INTO dbUIScreen (Id, Controller,Action) VALUES(117, 'ProcessTemplateFlow', 'Index');
INSERT INTO dbUIScreen (Id, Controller,Action) VALUES(118, 'ProcessTemplateFlow', 'LanguageCreate');
INSERT INTO dbUIScreen (Id, Controller,Action) VALUES(119, 'ProcessTemplateFlow', 'LanguageDelete');
INSERT INTO dbUIScreen (Id, Controller,Action) VALUES(120, 'ProcessTemplateFlow', 'LanguageEdit');
INSERT INTO dbUIScreen (Id, Controller,Action) VALUES(121, 'ProcessTemplateFlow', 'LanguageIndex');
INSERT INTO dbUIScreen (Id, Controller,Action) VALUES(122, 'ProcessTemplateFlowCondition', 'Create');
INSERT INTO dbUIScreen (Id, Controller,Action) VALUES(123, 'ProcessTemplateFlowCondition', 'Delete');
INSERT INTO dbUIScreen (Id, Controller,Action) VALUES(124, 'ProcessTemplateFlowCondition', 'Edit');
INSERT INTO dbUIScreen (Id, Controller,Action) VALUES(125, 'ProcessTemplateFlowCondition', 'Index');
INSERT INTO dbUIScreen (Id, Controller,Action) VALUES(126, 'ProcessTemplateFlowCondition', 'LanguageCreate');
INSERT INTO dbUIScreen (Id, Controller,Action) VALUES(127, 'ProcessTemplateFlowCondition', 'LanguageDelete');
INSERT INTO dbUIScreen (Id, Controller,Action) VALUES(128, 'ProcessTemplateFlowCondition', 'LanguageEdit');
INSERT INTO dbUIScreen (Id, Controller,Action) VALUES(129, 'ProcessTemplateFlowCondition', 'LanguageIndex');
INSERT INTO dbUIScreen (Id, Controller,Action) VALUES(130, 'ProcessTemplateGroup', 'Create');
INSERT INTO dbUIScreen (Id, Controller,Action) VALUES(131, 'ProcessTemplateGroup', 'Delete');
INSERT INTO dbUIScreen (Id, Controller,Action) VALUES(132, 'ProcessTemplateGroup', 'Edit');
INSERT INTO dbUIScreen (Id, Controller,Action) VALUES(133, 'ProcessTemplateGroup', 'Index');
INSERT INTO dbUIScreen (Id, Controller,Action) VALUES(134, 'ProcessTemplateGroup', 'LanguageCreate');
INSERT INTO dbUIScreen (Id, Controller,Action) VALUES(135, 'ProcessTemplateGroup', 'LanguageDelete');
INSERT INTO dbUIScreen (Id, Controller,Action) VALUES(136, 'ProcessTemplateGroup', 'LanguageEdit');
INSERT INTO dbUIScreen (Id, Controller,Action) VALUES(137, 'ProcessTemplateGroup', 'LanguageIndex');
INSERT INTO dbUIScreen (Id, Controller,Action) VALUES(138, 'ProcessTemplateStep', 'Create');
INSERT INTO dbUIScreen (Id, Controller,Action) VALUES(139, 'ProcessTemplateStep', 'Delete');
INSERT INTO dbUIScreen (Id, Controller,Action) VALUES(140, 'ProcessTemplateStep', 'Edit');
INSERT INTO dbUIScreen (Id, Controller,Action) VALUES(141, 'ProcessTemplateStep', 'Index');
INSERT INTO dbUIScreen (Id, Controller,Action) VALUES(142, 'ProcessTemplateStep', 'LanguageCreate');
INSERT INTO dbUIScreen (Id, Controller,Action) VALUES(143, 'ProcessTemplateStep', 'LanguageDelete');
INSERT INTO dbUIScreen (Id, Controller,Action) VALUES(144, 'ProcessTemplateStep', 'LanguageEdit');
INSERT INTO dbUIScreen (Id, Controller,Action) VALUES(145, 'ProcessTemplateStep', 'LanguageIndex');
INSERT INTO dbUIScreen (Id, Controller,Action) VALUES(146, 'ProcessTemplateStepFields', 'Edit');
INSERT INTO dbUIScreen (Id, Controller,Action) VALUES(147, 'ProcessTemplateStepFields', 'Index');
INSERT INTO dbUIScreen (Id, Controller,Action) VALUES(148, 'Project', 'Create');
INSERT INTO dbUIScreen (Id, Controller,Action) VALUES(149, 'Project', 'Delete');
INSERT INTO dbUIScreen (Id, Controller,Action) VALUES(150, 'Project', 'Edit');
INSERT INTO dbUIScreen (Id, Controller,Action) VALUES(151, 'Project', 'Index');
INSERT INTO dbUIScreen (Id, Controller,Action) VALUES(152, 'Project', 'Index2');
INSERT INTO dbUIScreen (Id, Controller,Action) VALUES(153, 'Project', 'LanguageCreate');
INSERT INTO dbUIScreen (Id, Controller,Action) VALUES(154, 'Project', 'LanguageDelete');
INSERT INTO dbUIScreen (Id, Controller,Action) VALUES(155, 'Project', 'LanguageEdit');
INSERT INTO dbUIScreen (Id, Controller,Action) VALUES(156, 'Project', 'LanguageIndex');
INSERT INTO dbUIScreen (Id, Controller,Action) VALUES(157, 'Role', 'Create');
INSERT INTO dbUIScreen (Id, Controller,Action) VALUES(158, 'Role', 'Edit');
INSERT INTO dbUIScreen (Id, Controller,Action) VALUES(159, 'Role', 'Index');
INSERT INTO dbUIScreen (Id, Controller,Action) VALUES(160, 'Role', 'Rights');
INSERT INTO dbUIScreen (Id, Controller,Action) VALUES(161, 'Role', 'Users');
INSERT INTO dbUIScreen (Id, Controller,Action) VALUES(162, 'Setting', 'Edit');
INSERT INTO dbUIScreen (Id, Controller,Action) VALUES(163, 'Setting', 'Index');
INSERT INTO dbUIScreen (Id, Controller,Action) VALUES(164, 'SetupWizard', 'DemoData');
INSERT INTO dbUIScreen (Id, Controller,Action) VALUES(165, 'SetupWizard', 'Index');
INSERT INTO dbUIScreen (Id, Controller,Action) VALUES(166, 'SetupWizard', 'MasterData');
INSERT INTO dbUIScreen (Id, Controller,Action) VALUES(167, 'Shared', '_Layout');
INSERT INTO dbUIScreen (Id, Controller,Action) VALUES(168, 'User', 'Login');
INSERT INTO dbUIScreen (Id, Controller,Action) VALUES(169, 'User', 'Register');

SET IDENTITY_INSERT dbUIScreen OFF;


SET IDENTITY_INSERT dbUITerm ON;
INSERT INTO dbUITerm (Id, Name, Description) VALUES(1, 'Classification', 'Classification');
INSERT INTO dbUITerm (Id, Name, Description) VALUES(2, 'Id', 'Id');
INSERT INTO dbUITerm (Id, Name, Description) VALUES(3, 'Name', 'Name');
INSERT INTO dbUITerm (Id, Name, Description) VALUES(4, 'Create new classification', 'Create new classification');
INSERT INTO dbUITerm (Id, Name, Description) VALUES(5, 'Add', 'Add');
INSERT INTO dbUITerm (Id, Name, Description) VALUES(6, 'Add language', 'Add language');
INSERT INTO dbUITerm (Id, Name, Description) VALUES(7, 'Add values', 'Add values');
INSERT INTO dbUITerm (Id, Name, Description) VALUES(8, 'Alphabetically', 'Alphabetically');
INSERT INTO dbUITerm (Id, Name, Description) VALUES(9, 'Back to classification levels', 'Back to classification levels');
INSERT INTO dbUITerm (Id, Name, Description) VALUES(10, 'Back to classification values', 'Back to classification values');
INSERT INTO dbUITerm (Id, Name, Description) VALUES(11, 'Back to classifications', 'Back to classifications');
INSERT INTO dbUITerm (Id, Name, Description) VALUES(12, 'Can link', 'Can link');
INSERT INTO dbUITerm (Id, Name, Description) VALUES(13, 'Cancel', 'Cancel');
INSERT INTO dbUITerm (Id, Name, Description) VALUES(14, 'Classification languages', 'Classification languages');
INSERT INTO dbUITerm (Id, Name, Description) VALUES(15, 'Classification levels', 'Classification levels');
INSERT INTO dbUITerm (Id, Name, Description) VALUES(16, 'Classification value languages', 'Classification value languages');
INSERT INTO dbUITerm (Id, Name, Description) VALUES(17, 'Content type', 'Content type');
INSERT INTO dbUITerm (Id, Name, Description) VALUES(18, 'Create new classification level', 'Create new classification level');
INSERT INTO dbUITerm (Id, Name, Description) VALUES(19, 'Create new value', 'Create new value');
INSERT INTO dbUITerm (Id, Name, Description) VALUES(20, 'Date level', 'Date level');
INSERT INTO dbUITerm (Id, Name, Description) VALUES(21, 'Delete', 'Delete');
INSERT INTO dbUITerm (Id, Name, Description) VALUES(22, 'Description', 'Description');
INSERT INTO dbUITerm (Id, Name, Description) VALUES(23, 'Drop down name', 'Drop down name');
INSERT INTO dbUITerm (Id, Name, Description) VALUES(24, 'Edit', 'Edit');
INSERT INTO dbUITerm (Id, Name, Description) VALUES(25, 'Edit classification', 'Edit classification');
INSERT INTO dbUITerm (Id, Name, Description) VALUES(26, 'Edit classification level', 'Edit classification level');
INSERT INTO dbUITerm (Id, Name, Description) VALUES(27, 'Edit language', 'Edit language');
INSERT INTO dbUITerm (Id, Name, Description) VALUES(28, 'Edit value', 'Edit value');
INSERT INTO dbUITerm (Id, Name, Description) VALUES(29, 'Has dropdown', 'Has dropdown');
INSERT INTO dbUITerm (Id, Name, Description) VALUES(30, 'Header description', 'Header description');
INSERT INTO dbUITerm (Id, Name, Description) VALUES(31, 'Header name', 'Header name');
INSERT INTO dbUITerm (Id, Name, Description) VALUES(32, 'In drop down', 'In drop down');
INSERT INTO dbUITerm (Id, Name, Description) VALUES(33, 'Language', 'Language');
INSERT INTO dbUITerm (Id, Name, Description) VALUES(34, 'Languages', 'Languages');
INSERT INTO dbUITerm (Id, Name, Description) VALUES(35, 'Logout', 'Logout');
INSERT INTO dbUITerm (Id, Name, Description) VALUES(36, 'Menu name', 'Menu name');
INSERT INTO dbUITerm (Id, Name, Description) VALUES(37, 'Mouse over', 'Mouse over');
INSERT INTO dbUITerm (Id, Name, Description) VALUES(38, 'New value', 'New value');
INSERT INTO dbUITerm (Id, Name, Description) VALUES(39, 'On the fly', 'On the fly');
INSERT INTO dbUITerm (Id, Name, Description) VALUES(40, 'Open', 'Open');
INSERT INTO dbUITerm (Id, Name, Description) VALUES(41, 'Organization', 'Organization');
INSERT INTO dbUITerm (Id, Name, Description) VALUES(42, 'Organization type', 'Organization type');
INSERT INTO dbUITerm (Id, Name, Description) VALUES(43, 'Page description', 'Page description');
INSERT INTO dbUITerm (Id, Name, Description) VALUES(44, 'Page name', 'Page name');
INSERT INTO dbUITerm (Id, Name, Description) VALUES(45, 'Page type', 'Page type');
INSERT INTO dbUITerm (Id, Name, Description) VALUES(46, 'Pages', 'Pages');
INSERT INTO dbUITerm (Id, Name, Description) VALUES(47, 'Process template field types', 'Process template field types');
INSERT INTO dbUITerm (Id, Name, Description) VALUES(48, 'Process template groups', 'Process template groups');
INSERT INTO dbUITerm (Id, Name, Description) VALUES(49, 'Process templates', 'Process templates');
INSERT INTO dbUITerm (Id, Name, Description) VALUES(50, 'Projects', 'Projects');
INSERT INTO dbUITerm (Id, Name, Description) VALUES(51, 'Roles', 'Roles');
INSERT INTO dbUITerm (Id, Name, Description) VALUES(52, 'Save', 'Save');
INSERT INTO dbUITerm (Id, Name, Description) VALUES(53, 'Section types', 'Section types');
INSERT INTO dbUITerm (Id, Name, Description) VALUES(54, 'Settings', 'Settings');
INSERT INTO dbUITerm (Id, Name, Description) VALUES(55, 'Setup wizard', 'Setup wizard');
INSERT INTO dbUITerm (Id, Name, Description) VALUES(56, 'Status', 'Status');
INSERT INTO dbUITerm (Id, Name, Description) VALUES(57, 'Terms', 'Terms');
INSERT INTO dbUITerm (Id, Name, Description) VALUES(58, 'Topic name', 'Topic name');
INSERT INTO dbUITerm (Id, Name, Description) VALUES(59, 'Update', 'Update');
INSERT INTO dbUITerm (Id, Name, Description) VALUES(60, 'Users', 'Users');
INSERT INTO dbUITerm (Id, Name, Description) VALUES(61, 'Values', 'Values');
INSERT INTO dbUITerm (Id, Name, Description) VALUES(62, 'Classifications', 'Classifications');
INSERT INTO dbUITerm (Id, Name, Description) VALUES(63, 'Add new classification', 'Add new classification');
INSERT INTO dbUITerm (Id, Name, Description) VALUES(64, 'Levels', 'Levels');

SET IDENTITY_INSERT dbUITerm OFF;


SET IDENTITY_INSERT dbUITermScreen ON;
INSERT INTO dbUITermScreen (Id, TermId, ScreenId, Sequence) VALUES(1, 25, 3, 1);
INSERT INTO dbUITermScreen (Id, TermId, ScreenId, Sequence) VALUES(2, 2, 3, 2);
INSERT INTO dbUITermScreen (Id, TermId, ScreenId, Sequence) VALUES(3, 3, 3, 3);
INSERT INTO dbUITermScreen (Id, TermId, ScreenId, Sequence) VALUES(4, 36, 3, 4);
INSERT INTO dbUITermScreen (Id, TermId, ScreenId, Sequence) VALUES(5, 22, 3, 5);
INSERT INTO dbUITermScreen (Id, TermId, ScreenId, Sequence) VALUES(6, 37, 3, 6);
INSERT INTO dbUITermScreen (Id, TermId, ScreenId, Sequence) VALUES(7, 56, 3, 7);
INSERT INTO dbUITermScreen (Id, TermId, ScreenId, Sequence) VALUES(8, 29, 3, 8);
INSERT INTO dbUITermScreen (Id, TermId, ScreenId, Sequence) VALUES(9, 59, 3, 9);
INSERT INTO dbUITermScreen (Id, TermId, ScreenId, Sequence) VALUES(10, 13, 3, 10);
INSERT INTO dbUITermScreen (Id, TermId, ScreenId, Sequence) VALUES(11, 4, 1, 1);
INSERT INTO dbUITermScreen (Id, TermId, ScreenId, Sequence) VALUES(12, 3, 1, 2);
INSERT INTO dbUITermScreen (Id, TermId, ScreenId, Sequence) VALUES(13, 36, 1, 3);
INSERT INTO dbUITermScreen (Id, TermId, ScreenId, Sequence) VALUES(14, 22, 1, 4);
INSERT INTO dbUITermScreen (Id, TermId, ScreenId, Sequence) VALUES(15, 37, 1, 5);
INSERT INTO dbUITermScreen (Id, TermId, ScreenId, Sequence) VALUES(16, 56, 1, 6);
INSERT INTO dbUITermScreen (Id, TermId, ScreenId, Sequence) VALUES(17, 29, 1, 7);
INSERT INTO dbUITermScreen (Id, TermId, ScreenId, Sequence) VALUES(18, 5, 1, 8);
INSERT INTO dbUITermScreen (Id, TermId, ScreenId, Sequence) VALUES(19, 13, 1, 9);
INSERT INTO dbUITermScreen (Id, TermId, ScreenId, Sequence) VALUES(20, 14, 8, 1);
INSERT INTO dbUITermScreen (Id, TermId, ScreenId, Sequence) VALUES(21, 2, 8, 2);
INSERT INTO dbUITermScreen (Id, TermId, ScreenId, Sequence) VALUES(22, 33, 8, 3);
INSERT INTO dbUITermScreen (Id, TermId, ScreenId, Sequence) VALUES(23, 3, 8, 4);
INSERT INTO dbUITermScreen (Id, TermId, ScreenId, Sequence) VALUES(24, 36, 8, 5);
INSERT INTO dbUITermScreen (Id, TermId, ScreenId, Sequence) VALUES(25, 37, 8, 6);
INSERT INTO dbUITermScreen (Id, TermId, ScreenId, Sequence) VALUES(26, 6, 8, 7);
INSERT INTO dbUITermScreen (Id, TermId, ScreenId, Sequence) VALUES(27, 11, 8, 8);
INSERT INTO dbUITermScreen (Id, TermId, ScreenId, Sequence) VALUES(28, 24, 8, 9);
INSERT INTO dbUITermScreen (Id, TermId, ScreenId, Sequence) VALUES(29, 21, 8, 10);
INSERT INTO dbUITermScreen (Id, TermId, ScreenId, Sequence) VALUES(30, 27, 7, 1);
INSERT INTO dbUITermScreen (Id, TermId, ScreenId, Sequence) VALUES(31, 33, 7, 2);
INSERT INTO dbUITermScreen (Id, TermId, ScreenId, Sequence) VALUES(32, 2, 7, 3);
INSERT INTO dbUITermScreen (Id, TermId, ScreenId, Sequence) VALUES(33, 3, 7, 4);
INSERT INTO dbUITermScreen (Id, TermId, ScreenId, Sequence) VALUES(34, 36, 7, 5);
INSERT INTO dbUITermScreen (Id, TermId, ScreenId, Sequence) VALUES(35, 22, 7, 6);
INSERT INTO dbUITermScreen (Id, TermId, ScreenId, Sequence) VALUES(36, 37, 7, 7);
INSERT INTO dbUITermScreen (Id, TermId, ScreenId, Sequence) VALUES(37, 59, 7, 8);
INSERT INTO dbUITermScreen (Id, TermId, ScreenId, Sequence) VALUES(38, 13, 7, 9);
INSERT INTO dbUITermScreen (Id, TermId, ScreenId, Sequence) VALUES(39, 6, 5, 1);
INSERT INTO dbUITermScreen (Id, TermId, ScreenId, Sequence) VALUES(40, 3, 5, 2);
INSERT INTO dbUITermScreen (Id, TermId, ScreenId, Sequence) VALUES(41, 36, 5, 3);
INSERT INTO dbUITermScreen (Id, TermId, ScreenId, Sequence) VALUES(42, 22, 5, 4);
INSERT INTO dbUITermScreen (Id, TermId, ScreenId, Sequence) VALUES(43, 37, 5, 5);
INSERT INTO dbUITermScreen (Id, TermId, ScreenId, Sequence) VALUES(44, 33, 5, 6);
INSERT INTO dbUITermScreen (Id, TermId, ScreenId, Sequence) VALUES(45, 5, 5, 7);
INSERT INTO dbUITermScreen (Id, TermId, ScreenId, Sequence) VALUES(46, 13, 5, 8);
INSERT INTO dbUITermScreen (Id, TermId, ScreenId, Sequence) VALUES(47, 15, 12, 1);
INSERT INTO dbUITermScreen (Id, TermId, ScreenId, Sequence) VALUES(48, 2, 12, 2);
INSERT INTO dbUITermScreen (Id, TermId, ScreenId, Sequence) VALUES(49, 3, 12, 3);
INSERT INTO dbUITermScreen (Id, TermId, ScreenId, Sequence) VALUES(50, 18, 12, 4);
INSERT INTO dbUITermScreen (Id, TermId, ScreenId, Sequence) VALUES(51, 11, 12, 5);
INSERT INTO dbUITermScreen (Id, TermId, ScreenId, Sequence) VALUES(52, 26, 11, 1);
INSERT INTO dbUITermScreen (Id, TermId, ScreenId, Sequence) VALUES(53, 2, 11, 2);
INSERT INTO dbUITermScreen (Id, TermId, ScreenId, Sequence) VALUES(54, 3, 11, 3);
INSERT INTO dbUITermScreen (Id, TermId, ScreenId, Sequence) VALUES(55, 36, 11, 4);
INSERT INTO dbUITermScreen (Id, TermId, ScreenId, Sequence) VALUES(56, 22, 11, 5);
INSERT INTO dbUITermScreen (Id, TermId, ScreenId, Sequence) VALUES(57, 37, 11, 6);
INSERT INTO dbUITermScreen (Id, TermId, ScreenId, Sequence) VALUES(58, 20, 11, 7);
INSERT INTO dbUITermScreen (Id, TermId, ScreenId, Sequence) VALUES(59, 39, 11, 8);
INSERT INTO dbUITermScreen (Id, TermId, ScreenId, Sequence) VALUES(60, 8, 11, 9);
INSERT INTO dbUITermScreen (Id, TermId, ScreenId, Sequence) VALUES(61, 12, 11, 10);
INSERT INTO dbUITermScreen (Id, TermId, ScreenId, Sequence) VALUES(62, 32, 11, 11);
INSERT INTO dbUITermScreen (Id, TermId, ScreenId, Sequence) VALUES(63, 52, 11, 12);
INSERT INTO dbUITermScreen (Id, TermId, ScreenId, Sequence) VALUES(64, 13, 11, 13);
INSERT INTO dbUITermScreen (Id, TermId, ScreenId, Sequence) VALUES(65, 3, 9, 1);
INSERT INTO dbUITermScreen (Id, TermId, ScreenId, Sequence) VALUES(66, 36, 9, 2);
INSERT INTO dbUITermScreen (Id, TermId, ScreenId, Sequence) VALUES(67, 22, 9, 3);
INSERT INTO dbUITermScreen (Id, TermId, ScreenId, Sequence) VALUES(68, 37, 9, 4);
INSERT INTO dbUITermScreen (Id, TermId, ScreenId, Sequence) VALUES(69, 20, 9, 5);
INSERT INTO dbUITermScreen (Id, TermId, ScreenId, Sequence) VALUES(70, 39, 9, 6);
INSERT INTO dbUITermScreen (Id, TermId, ScreenId, Sequence) VALUES(71, 8, 9, 7);
INSERT INTO dbUITermScreen (Id, TermId, ScreenId, Sequence) VALUES(72, 12, 9, 8);
INSERT INTO dbUITermScreen (Id, TermId, ScreenId, Sequence) VALUES(73, 32, 9, 9);
INSERT INTO dbUITermScreen (Id, TermId, ScreenId, Sequence) VALUES(74, 5, 9, 10);
INSERT INTO dbUITermScreen (Id, TermId, ScreenId, Sequence) VALUES(75, 13, 9, 11);
INSERT INTO dbUITermScreen (Id, TermId, ScreenId, Sequence) VALUES(76, 2, 16, 1);
INSERT INTO dbUITermScreen (Id, TermId, ScreenId, Sequence) VALUES(77, 33, 16, 2);
INSERT INTO dbUITermScreen (Id, TermId, ScreenId, Sequence) VALUES(78, 3, 16, 3);
INSERT INTO dbUITermScreen (Id, TermId, ScreenId, Sequence) VALUES(79, 36, 16, 4);
INSERT INTO dbUITermScreen (Id, TermId, ScreenId, Sequence) VALUES(80, 37, 16, 5);
INSERT INTO dbUITermScreen (Id, TermId, ScreenId, Sequence) VALUES(81, 6, 16, 6);
INSERT INTO dbUITermScreen (Id, TermId, ScreenId, Sequence) VALUES(82, 9, 16, 7);
INSERT INTO dbUITermScreen (Id, TermId, ScreenId, Sequence) VALUES(83, 27, 15, 1);
INSERT INTO dbUITermScreen (Id, TermId, ScreenId, Sequence) VALUES(84, 33, 15, 2);
INSERT INTO dbUITermScreen (Id, TermId, ScreenId, Sequence) VALUES(85, 2, 15, 3);
INSERT INTO dbUITermScreen (Id, TermId, ScreenId, Sequence) VALUES(86, 3, 15, 4);
INSERT INTO dbUITermScreen (Id, TermId, ScreenId, Sequence) VALUES(87, 36, 15, 5);
INSERT INTO dbUITermScreen (Id, TermId, ScreenId, Sequence) VALUES(88, 22, 15, 6);
INSERT INTO dbUITermScreen (Id, TermId, ScreenId, Sequence) VALUES(89, 37, 15, 7);
INSERT INTO dbUITermScreen (Id, TermId, ScreenId, Sequence) VALUES(90, 59, 15, 8);
INSERT INTO dbUITermScreen (Id, TermId, ScreenId, Sequence) VALUES(91, 13, 15, 9);
INSERT INTO dbUITermScreen (Id, TermId, ScreenId, Sequence) VALUES(92, 3, 13, 1);
INSERT INTO dbUITermScreen (Id, TermId, ScreenId, Sequence) VALUES(93, 36, 13, 2);
INSERT INTO dbUITermScreen (Id, TermId, ScreenId, Sequence) VALUES(94, 22, 13, 3);
INSERT INTO dbUITermScreen (Id, TermId, ScreenId, Sequence) VALUES(95, 37, 13, 4);
INSERT INTO dbUITermScreen (Id, TermId, ScreenId, Sequence) VALUES(96, 33, 13, 5);
INSERT INTO dbUITermScreen (Id, TermId, ScreenId, Sequence) VALUES(97, 5, 13, 6);
INSERT INTO dbUITermScreen (Id, TermId, ScreenId, Sequence) VALUES(98, 13, 13, 7);
INSERT INTO dbUITermScreen (Id, TermId, ScreenId, Sequence) VALUES(99, 61, 20, 1);
INSERT INTO dbUITermScreen (Id, TermId, ScreenId, Sequence) VALUES(100, 2, 20, 2);
INSERT INTO dbUITermScreen (Id, TermId, ScreenId, Sequence) VALUES(101, 3, 20, 3);
INSERT INTO dbUITermScreen (Id, TermId, ScreenId, Sequence) VALUES(102, 40, 20, 4);
INSERT INTO dbUITermScreen (Id, TermId, ScreenId, Sequence) VALUES(103, 34, 20, 5);
INSERT INTO dbUITermScreen (Id, TermId, ScreenId, Sequence) VALUES(104, 21, 20, 6);
INSERT INTO dbUITermScreen (Id, TermId, ScreenId, Sequence) VALUES(105, 7, 20, 7);
INSERT INTO dbUITermScreen (Id, TermId, ScreenId, Sequence) VALUES(106, 19, 20, 8);
INSERT INTO dbUITermScreen (Id, TermId, ScreenId, Sequence) VALUES(107, 28, 19, 1);
INSERT INTO dbUITermScreen (Id, TermId, ScreenId, Sequence) VALUES(108, 2, 19, 2);
INSERT INTO dbUITermScreen (Id, TermId, ScreenId, Sequence) VALUES(109, 3, 19, 3);
INSERT INTO dbUITermScreen (Id, TermId, ScreenId, Sequence) VALUES(110, 22, 19, 4);
INSERT INTO dbUITermScreen (Id, TermId, ScreenId, Sequence) VALUES(111, 23, 19, 5);
INSERT INTO dbUITermScreen (Id, TermId, ScreenId, Sequence) VALUES(112, 36, 19, 6);
INSERT INTO dbUITermScreen (Id, TermId, ScreenId, Sequence) VALUES(113, 37, 19, 7);
INSERT INTO dbUITermScreen (Id, TermId, ScreenId, Sequence) VALUES(114, 44, 19, 8);
INSERT INTO dbUITermScreen (Id, TermId, ScreenId, Sequence) VALUES(115, 43, 19, 9);
INSERT INTO dbUITermScreen (Id, TermId, ScreenId, Sequence) VALUES(116, 31, 19, 10);
INSERT INTO dbUITermScreen (Id, TermId, ScreenId, Sequence) VALUES(117, 30, 19, 11);
INSERT INTO dbUITermScreen (Id, TermId, ScreenId, Sequence) VALUES(118, 58, 19, 12);
INSERT INTO dbUITermScreen (Id, TermId, ScreenId, Sequence) VALUES(119, 52, 19, 13);
INSERT INTO dbUITermScreen (Id, TermId, ScreenId, Sequence) VALUES(120, 13, 19, 14);
INSERT INTO dbUITermScreen (Id, TermId, ScreenId, Sequence) VALUES(121, 38, 17, 1);
INSERT INTO dbUITermScreen (Id, TermId, ScreenId, Sequence) VALUES(122, 3, 17, 2);
INSERT INTO dbUITermScreen (Id, TermId, ScreenId, Sequence) VALUES(123, 22, 17, 3);
INSERT INTO dbUITermScreen (Id, TermId, ScreenId, Sequence) VALUES(124, 23, 17, 4);
INSERT INTO dbUITermScreen (Id, TermId, ScreenId, Sequence) VALUES(125, 36, 17, 5);
INSERT INTO dbUITermScreen (Id, TermId, ScreenId, Sequence) VALUES(126, 37, 17, 6);
INSERT INTO dbUITermScreen (Id, TermId, ScreenId, Sequence) VALUES(127, 44, 17, 7);
INSERT INTO dbUITermScreen (Id, TermId, ScreenId, Sequence) VALUES(128, 43, 17, 8);
INSERT INTO dbUITermScreen (Id, TermId, ScreenId, Sequence) VALUES(129, 31, 17, 9);
INSERT INTO dbUITermScreen (Id, TermId, ScreenId, Sequence) VALUES(130, 30, 17, 10);
INSERT INTO dbUITermScreen (Id, TermId, ScreenId, Sequence) VALUES(131, 58, 17, 11);
INSERT INTO dbUITermScreen (Id, TermId, ScreenId, Sequence) VALUES(132, 5, 17, 12);
INSERT INTO dbUITermScreen (Id, TermId, ScreenId, Sequence) VALUES(133, 13, 17, 13);
INSERT INTO dbUITermScreen (Id, TermId, ScreenId, Sequence) VALUES(134, 16, 24, 1);
INSERT INTO dbUITermScreen (Id, TermId, ScreenId, Sequence) VALUES(135, 2, 24, 2);
INSERT INTO dbUITermScreen (Id, TermId, ScreenId, Sequence) VALUES(136, 33, 24, 3);
INSERT INTO dbUITermScreen (Id, TermId, ScreenId, Sequence) VALUES(137, 3, 24, 4);
INSERT INTO dbUITermScreen (Id, TermId, ScreenId, Sequence) VALUES(138, 6, 24, 5);
INSERT INTO dbUITermScreen (Id, TermId, ScreenId, Sequence) VALUES(139, 10, 24, 6);
INSERT INTO dbUITermScreen (Id, TermId, ScreenId, Sequence) VALUES(140, 24, 24, 7);
INSERT INTO dbUITermScreen (Id, TermId, ScreenId, Sequence) VALUES(141, 21, 24, 8);
INSERT INTO dbUITermScreen (Id, TermId, ScreenId, Sequence) VALUES(142, 3, 21, 1);
INSERT INTO dbUITermScreen (Id, TermId, ScreenId, Sequence) VALUES(143, 22, 21, 2);
INSERT INTO dbUITermScreen (Id, TermId, ScreenId, Sequence) VALUES(144, 23, 21, 3);
INSERT INTO dbUITermScreen (Id, TermId, ScreenId, Sequence) VALUES(145, 36, 21, 4);
INSERT INTO dbUITermScreen (Id, TermId, ScreenId, Sequence) VALUES(146, 37, 21, 5);
INSERT INTO dbUITermScreen (Id, TermId, ScreenId, Sequence) VALUES(147, 44, 21, 6);
INSERT INTO dbUITermScreen (Id, TermId, ScreenId, Sequence) VALUES(148, 43, 21, 7);
INSERT INTO dbUITermScreen (Id, TermId, ScreenId, Sequence) VALUES(149, 31, 21, 8);
INSERT INTO dbUITermScreen (Id, TermId, ScreenId, Sequence) VALUES(150, 30, 21, 9);
INSERT INTO dbUITermScreen (Id, TermId, ScreenId, Sequence) VALUES(151, 58, 21, 10);
INSERT INTO dbUITermScreen (Id, TermId, ScreenId, Sequence) VALUES(152, 33, 21, 11);
INSERT INTO dbUITermScreen (Id, TermId, ScreenId, Sequence) VALUES(153, 5, 21, 12);
INSERT INTO dbUITermScreen (Id, TermId, ScreenId, Sequence) VALUES(154, 13, 21, 13);
INSERT INTO dbUITermScreen (Id, TermId, ScreenId, Sequence) VALUES(155, 62, 4, 1);
INSERT INTO dbUITermScreen (Id, TermId, ScreenId, Sequence) VALUES(156, 2, 4, 2);
INSERT INTO dbUITermScreen (Id, TermId, ScreenId, Sequence) VALUES(157, 3, 4, 3);
INSERT INTO dbUITermScreen (Id, TermId, ScreenId, Sequence) VALUES(158, 63, 4, 4);
INSERT INTO dbUITermScreen (Id, TermId, ScreenId, Sequence) VALUES(159, 24, 4, 5);
INSERT INTO dbUITermScreen (Id, TermId, ScreenId, Sequence) VALUES(160, 64, 4, 6);
INSERT INTO dbUITermScreen (Id, TermId, ScreenId, Sequence) VALUES(161, 61, 4, 7);
INSERT INTO dbUITermScreen (Id, TermId, ScreenId, Sequence) VALUES(162, 46, 4, 8);
INSERT INTO dbUITermScreen (Id, TermId, ScreenId, Sequence) VALUES(163, 34, 4, 9);
INSERT INTO dbUITermScreen (Id, TermId, ScreenId, Sequence) VALUES(164, 21, 4, 10);
INSERT INTO dbUITermScreen (Id, TermId, ScreenId, Sequence) VALUES(165, 34, 5, 9);
INSERT INTO dbUITermScreen (Id, TermId, ScreenId, Sequence) VALUES(166, 34, 7, 10);
INSERT INTO dbUITermScreen (Id, TermId, ScreenId, Sequence) VALUES(167, 34, 8, 11);
INSERT INTO dbUITermScreen (Id, TermId, ScreenId, Sequence) VALUES(168, 62, 8, 12);

SET IDENTITY_INSERT dbUITermScreen OFF;



SET IDENTITY_INSERT dbUserOrganizationType ON;
INSERT INTO dbUserOrganizationType (Id, Name, Description) VALUES(1, 'Member', 'Member');
INSERT INTO dbUserOrganizationType (Id, Name, Description) VALUES(2, 'Manager', 'Manager');

SET IDENTITY_INSERT dbUserOrganizationType OFF;


SET IDENTITY_INSERT dbUserOrganizationTypeLanguage ON;
INSERT INTO dbUserOrganizationTypeLanguage (Id, TypeId, LanguageId, Name, Description, MenuName, MouseOver, CreatorId, ModifierId, ModifiedDate, CreatedDate) 
VALUES(1, 1, 41, 'Member', 'Member', 'Member', 'Member', @CurrentUser, @CurrentUser, getdate(), getdate());
INSERT INTO dbUserOrganizationTypeLanguage (Id, TypeId, LanguageId, Name, Description, MenuName, MouseOver, CreatorId, ModifierId, ModifiedDate, CreatedDate) 
VALUES(2, 2, 41, 'Manager', 'Manager', 'Manager', 'Manager', @CurrentUser, @CurrentUser, getdate(), getdate());

SET IDENTITY_INSERT dbUserOrganizationTypeLanguage OFF;



SET IDENTITY_INSERT dbUserProjectType ON;
INSERT INTO dbUserProjectType (Id, Name, Description) VALUES(1, 'Team member', 'Team member');
INSERT INTO dbUserProjectType (Id, Name, Description) VALUES(2, 'Team leader', 'Team leader');

SET IDENTITY_INSERT dbUserProjectType OFF;


SET IDENTITY_INSERT dbUserProjectTypeLanguage ON;
INSERT INTO dbUserProjectTypeLanguage (Id, TypeId, LanguageId, Name, Description, MenuName, MouseOver, CreatorId, ModifierId, ModifiedDate, CreatedDate) 
VALUES(1, 1, 41, 'Team member', 'Team member', 'Team member', 'Team member', @CurrentUser, @CurrentUser, getdate(), getdate());
INSERT INTO dbUserProjectTypeLanguage (Id, TypeId, LanguageId, Name, Description, MenuName, MouseOver, CreatorId, ModifierId, ModifiedDate, CreatedDate) 
VALUES(2, 2, 41, 'Team leader', 'Team leader', 'Team leader', 'Team leader', @CurrentUser, @CurrentUser, getdate(), getdate());

SET IDENTITY_INSERT dbUserProjectTypeLanguage OFF;

